opening,trap_name,clean_moves,commented_moves,metadata
Opening (C20),Opening (C20),1. e4 e5 2. Ne2 Bc5 3. f4 Qf6 4. c3 Nc6 5. g3 Nh6 6. Bg2 Ng4 7. Rf1 7... Nxh2 8. fxe5 8... Qxf1+ 9. Bxf1 Nf3#,1. e4 e5 2. Ne2 Bc5 3. f4 Qf6 4. c3 Nc6 5. g3 Nh6 6. Bg2 Ng4 7. Rf1 (7. d4) 7... Nxh2 8. fxe5 (8. Rh1) 8... Qxf1+ 9. Bxf1 Nf3#,"Manko - Jankowitz, Corr. 1900"
Opening (C20),Opening (C20),1. e4 e5 2. Ne2 d5 3. exd5 Qxd5 4. Nbc3 Qc6 5. Ng3 g6 6. Bb5,1. e4 e5 2. Ne2 d5 3. exd5 Qxd5 4. Nbc3 Qc6 5. Ng3 g6 $4 6. Bb5,"Wall, Bill - Nimoy, Internet 1997"
Opening (C20),Opening (C20),1. e4 e5 2. Ne2 d5 3. exd5 Qxd5 4. Nbc3 Qa5 5. d4 Nc6 6. d5 Nb4 7. Bd2 7... Bf5 8. Rc1 8... Bxc2 9. Rxc2 Nd3#,1. e4 e5 2. Ne2 d5 3. exd5 Qxd5 4. Nbc3 Qa5 5. d4 Nc6 6. d5 Nb4 7. Bd2 (7. Ng3) 7... Bf5 8. Rc1 (8. Ne4 Bxe4 9. a3) 8... Bxc2 9. Rxc2 Nd3#,"NN - Canal, Europe 1935"
Opening (C20),Opening (C20),1. e4 e5 2. Ne2 Nf6 3. f4 exf4 4. Nxf4 Nxe4 5. Qe2 Qe7 6. Nd5 Qe5 7. Nbc3 c6 8. d4 Qf5 9. Nxe4,1. e4 e5 2. Ne2 Nf6 3. f4 exf4 4. Nxf4 Nxe4 (4... Nc6) 5. Qe2 Qe7 (5... Qh4+ 6. g3 Qe7 7. Nd5) 6. Nd5 Qe5 7. Nbc3 c6 8. d4 Qf5 9. Nxe4,"Seibot - Luetz, St. Petersburg 1902"
Opening (C20),Opening (C20),1. e4 e5 2. Ne2 Nf6 3. f4 Nxe4 4. d3 Nc5 5. fxe5 Nc6 6. d4 6... Qh4+ 7. g3 7... Qe4 8. Rg1 Nxd4 9. Qxd4 Qxc2 10. Nf4 Qxc1+ 11. Ke2 Nb3 12. axb3 Bc5,1. e4 e5 2. Ne2 Nf6 3. f4 Nxe4 4. d3 Nc5 5. fxe5 Nc6 6. d4 (6. Bf4) 6... Qh4+ 7. g3 (7. Ng3) 7... Qe4 8. Rg1 Nxd4 9. Qxd4 Qxc2 10. Nf4 Qxc1+ 11. Ke2 Nb3 12. axb3 Bc5,"Mouillaux - Matisson, Corr. 1985"
Opening (B02),Opening (B02),1. e4 Nf6 2. Nc3 d6 3. Bc4 Nxe4 4. Bxf7+ Kxf7 5. Nxe4 e5 6. Qf3+ Kg8 7. Ng5 Qf6 8. Qb3+,1. e4 Nf6 2. Nc3 d6 3. Bc4 Nxe4 4. Bxf7+ Kxf7 5. Nxe4 e5 6. Qf3+ Kg8 $4 (6... Ke8) 7. Ng5 Qf6 8. Qb3+,"Krejcik - Gottlieb, Germany 1922"
Opening (B02),Opening (B02),1. e4 Nf6 2. Nc3 d5 3. e5 d4 4. Nb1 Ne4 5. c3 c5 6. d3,1. e4 Nf6 2. Nc3 d5 3. e5 d4 4. Nb1 Ne4 5. c3 c5 (5... Nc6) 6. d3,"Iskov - Woge_Nielsem, Copenhagen 1989"
Opening (B02),Opening (B02),1. e4 Nf6 2. Nc3 d5 3. e5 Nfd7 4. e6 fxe6 5. d4 c5 6. Nf3 Nc6 7. dxc5 Nxc5 8. Bb5 g6 9. Qd4,1. e4 Nf6 2. Nc3 d5 3. e5 Nfd7 4. e6 fxe6 5. d4 c5 6. Nf3 Nc6 7. dxc5 Nxc5 8. Bb5 g6 $2 (8... Nd7) 9. Qd4,"Russ - Zeh, Corr. 1974"
Opening (B02),Opening (B02),1. e4 Nf6 2. Nc3 d5 3. exd5 Nxd5 4. Bc4 Nb6 5. Bb3 Nc6 6. Nf3 Bg4 7. Bxf7+ Kd7 8. Qe2 e6 9. h3 Bxf3 10. Qxe6#,1. e4 Nf6 2. Nc3 d5 3. exd5 Nxd5 4. Bc4 Nb6 5. Bb3 Nc6 6. Nf3 Bg4 (6... e6) 7. Bxf7+ Kd7 8. Qe2 e6 9. h3 Bxf3 $4 (9... Bf5) 10. Qxe6#,"Quinteros - Goossens, Europe 1978"
Opening (B02),Opening (B02),1. e4 Nf6 2. Nc3 d5 3. exd5 Nxd5 4. Bc4 Be6 5. Qf3 c6 6. Nge2 g6 7. Nd4 Nxc3 8. Nxe6 fxe6 9. Qxc3 Rg8 10. Qb3 {or 10.Bxe6},1. e4 Nf6 2. Nc3 d5 3. exd5 Nxd5 4. Bc4 Be6 5. Qf3 c6 6. Nge2 g6 7. Nd4 Nxc3 $2 (7... Qd7) 8. Nxe6 fxe6 9. Qxc3 Rg8 10. Qb3 {or 10.Bxe6},"Stock - Rades, Germany 1993"
Opening (B02),Opening (B02),1. e4 Nf6 2. e5 Ne4 3. d3 Nc5 4. d4 Ne4 5. Bd3,1. e4 Nf6 2. e5 Ne4 3. d3 Nc5 4. d4 Ne4 $2 (4... Nca6) 5. Bd3,"Wall, Bill - Gaspar, Internet 1996"
Opening (B02),Opening (B02),1. e4 Nf6 2. e5 Nd5 3. Bc4 Nf4 4. Qf3 Ng6 5. Bxf7#,1. e4 Nf6 2. e5 Nd5 3. Bc4 Nf4 4. Qf3 Ng6 $4 (4... d5) 5. Bxf7#,"Wall, Bill - Challee, Internet 1996"
Opening (B02),Opening (B02),1. e4 Nf6 2. e5 Nd5 3. Bc4 Nb6 4. Bxf7+ Kxf7 5. e6+ dxe6 6. Nf3 N8d7 7. Ng5+ Kf6 8. Qf3+ Ke5 9. Nf7+,1. e4 Nf6 2. e5 Nd5 3. Bc4 Nb6 4. Bxf7+ Kxf7 5. e6+ dxe6 6. Nf3 N8d7 7. Ng5+ Kf6 $4 (7... Kg8) 8. Qf3+ Ke5 (8... Kxg5 9. h4+ Kg6 10. h5+ Kh6 11. Qf7) 9. Nf7+,"Wall, Bill - Hayes, Dan, Dayton 1990"
Opening (B02),Opening (B02),1. e4 Nf6 2. e5 Nd5 3. c4 Nb6 4. c5 Nd5 5. Bc4 Nb4 6. Qb3 e6 7. Qxb4,1. e4 Nf6 2. e5 Nd5 3. c4 Nb6 4. c5 Nd5 5. Bc4 Nb4 $2 (5... e6) 6. Qb3 e6 7. Qxb4,"Eckley - Knudsen, Iowa 1972"
Opening (B02),Opening (B02),1. e4 Nf6 2. e5 Nd5 3. c4 Nb6 4. c5 Nd5 5. Nc3 Nxc3 6. dxc3 d6 7. Bg5 dxe5 8. Qb3 Nd7 9. Bc4,1. e4 Nf6 2. e5 Nd5 3. c4 Nb6 4. c5 Nd5 5. Nc3 Nxc3 6. dxc3 d6 7. Bg5 dxe5 8. Qb3 Nd7 $2 (8... Qd7) 9. Bc4,"Mazukewitsch - Kandaurov, Tula 1967"
Opening (B02),Opening (B02),1. e4 Nf6 2. e5 Nd5 3. c4 Nb6 4. d4 Nc6 5. d5 Nxe5 6. c5 Nbc4 7. f4 Ng6 8. Bxc4,1. e4 Nf6 2. e5 Nd5 3. c4 Nb6 4. d4 Nc6 (4... d6) 5. d5 Nxe5 6. c5 Nbc4 7. f4 Ng6 8. Bxc4,"Borochow - Fine, Pasadena 1932"
Opening (B02),Opening (B02),1. e4 Nf6 2. e5 Nd5 3. c4 Nb6 4. d4 d6 5. Bd3 dxe5 6. dxe5 N8d7 7. e6 Nf6 8. exf7+ Kxf7 9. Bg6+ hxg6 10. Qxd8,1. e4 Nf6 2. e5 Nd5 3. c4 Nb6 4. d4 d6 5. Bd3 dxe5 6. dxe5 N8d7 7. e6 Nf6 $2 ( 7... Ne5) 8. exf7+ Kxf7 9. Bg6+ hxg6 10. Qxd8,"Wren - Mayfield, Halifax 1941"
Opening (B02),Opening (B02),1. e4 Nf6 2. e5 Nd5 3. Nf3 d6 4. Bc4 Be6 5. Nc3 Nb6 6. Bxe6 fxe6 7. Ng5 h6 8. Nxe6 Qd7 9. Qh5+ g6 10. Qxg6#,1. e4 Nf6 2. e5 Nd5 3. Nf3 d6 4. Bc4 Be6 5. Nc3 Nb6 $2 (5... Nxc3 6. bxc3 Bxc4) 6. Bxe6 fxe6 7. Ng5 h6 (7... Nc6) 8. Nxe6 Qd7 $4 (8... Qc8) 9. Qh5+ g6 10. Qxg6#,"Wren - Sprow, Boston 1944"
Opening (B02),Opening (B02),1. e4 Nf6 2. e5 Nd5 3. Nf3 d6 4. Bc4 Nb6 5. Bxf7+ Kxf7 6. Ng5+ Kg8 7. Qf3 Qe8 8. e6 h6 9. Qf7+ Qxf7 10. exf7#,1. e4 Nf6 2. e5 Nd5 3. Nf3 d6 4. Bc4 Nb6 5. Bxf7+ Kxf7 6. Ng5+ Kg8 7. Qf3 Qe8 8. e6 h6 9. Qf7+ Qxf7 10. exf7#,"Powers - Dake, Milwaukee 1937"
Opening (B03),Opening (B03),1. e4 Nf6 2. e5 Nd5 3. d4 Nc6 4. Nf3 f6 5. exf6 gxf6 6. c4 Nb6 7. d5 Ne5 8. Nxe5,1. e4 Nf6 2. e5 Nd5 3. d4 Nc6 4. Nf3 f6 5. exf6 gxf6 6. c4 Nb6 7. d5 Ne5 8. Nxe5,"Wawryk - Martel, Internet 1996"
Opening (B04),Opening (B04),1. e4 Nf6 2. e5 Nd5 3. d4 d6 4. Nf3 e6 5. Qd3 dxe5 6. Nxe5 Qf6 7. Qg3 Nd7 8. Bg5 Qf5 9. Bd3,1. e4 Nf6 2. e5 Nd5 3. d4 d6 4. Nf3 e6 5. Qd3 dxe5 6. Nxe5 Qf6 7. Qg3 Nd7 8. Bg5 Qf5 9. Bd3,"Wall, Bill - Rasmussen, Tacoma 1970"
Opening (B03),Opening (B03),1. e4 Nf6 2. e5 Nd5 3. d4 d6 4. c4 Nb6 5. Nf3 Nc6 6. e6 fxe6 7. Ng5 Qd7 8. Bd3 e5 9. Qh5+ g6 10. Bxg6+ hxg6 11. Qxg6+ Kd8 12. Nf7+ Ke8 13. Nxh8+,1. e4 Nf6 2. e5 Nd5 3. d4 d6 4. c4 Nb6 5. Nf3 Nc6 6. e6 fxe6 7. Ng5 Qd7 8. Bd3 e5 9. Qh5+ g6 10. Bxg6+ hxg6 11. Qxg6+ Kd8 12. Nf7+ Ke8 13. Nxh8+,"Richter - Jurgschat, Berlin 1952"
Opening (B00),Opening (B00),1. e4 g5 2. Nc3 f5 3. Qh5#,1. e4 g5 2. Nc3 f5 3. Qh5#,"Mayfield - Trinks, Omaha 1959"
Opening (B00),Opening (B00),1. e4 g5 2. Bc4 Bg7 3. Qh5 e6 4. Nf3 h6 5. d3 Nf6 6. Bxg5 Nxh5 7. Bxd8 Bxb2,1. e4 g5 2. Bc4 Bg7 3. Qh5 e6 4. Nf3 h6 5. d3 Nf6 6. Bxg5 Nxh5 7. Bxd8 Bxb2,"Aaron - Wall, Bill, Internet 1996"
Opening (B00),Opening (B00),1. e4 g5 2. d3 h6 3. Ne2 d6 4. Ng3 Nf6 5. Bd2 Bg7 6. Bc3 h5 7. Be2 g4 8. Nd2 Nc6 9. d4 d5 10. e5 Ng8 11. Bb5 f5 12. f4 Qd7 13. Nb3 b6 14. Nxf5 Bf8 15. Qe2 a6 16. e6,1. e4 g5 2. d3 h6 3. Ne2 d6 4. Ng3 Nf6 5. Bd2 Bg7 6. Bc3 h5 7. Be2 g4 8. Nd2 Nc6 9. d4 d5 10. e5 Ng8 11. Bb5 f5 12. f4 Qd7 13. Nb3 b6 14. Nxf5 Bf8 15. Qe2 a6 16. e6,"Inkeroinen - Heinola, Tampere 1984"
Opening (B00),Opening (B00),1. e4 g5 2. d4 f6 3. Qh5#,1. e4 g5 2. d4 f6 3. Qh5#,"Klip - Bottema, Dieren 1990"
Opening (B00),Opening (B00),1. e4 g5 2. d4 Bg7 3. Bc4 h6 4. Nc3 c6 5. e5 d5 6. Bd3 c5 7. Bb5+ Nc6 8. dxc5 Bxe5 9. Qxd5 Bxc3+ 10. bxc3 Qxd5,1. e4 g5 2. d4 Bg7 3. Bc4 h6 4. Nc3 c6 5. e5 d5 6. Bd3 c5 7. Bb5+ Nc6 8. dxc5 Bxe5 9. Qxd5 Bxc3+ 10. bxc3 Qxd5,"Kuuti - Heinola, Finland 1983"
Opening (B00),Opening (B00),1. e4 g5 2. d4 h6 3. Nc3 Bg7 4. h4 gxh4 5. Nf3 d6 6. Nxh4 Nf6 7. Bf4 c6 8. Qd2 Ng4 9. O-O-O Qa5 10. Bc4 b5 11. Nxb5 Qxd2+ 12. Rxd2 cxb5 13. Bd5,1. e4 g5 2. d4 h6 3. Nc3 Bg7 4. h4 gxh4 5. Nf3 d6 6. Nxh4 Nf6 7. Bf4 c6 8. Qd2 Ng4 9. O-O-O Qa5 10. Bc4 b5 11. Nxb5 Qxd2+ 12. Rxd2 cxb5 13. Bd5,"Wallwork - Thornton, England 1989"
Opening (B00),Opening (B00),1. e4 g5 2. d4 h6 3. Bd3 Bg7 4. h4 gxh4 5. Nf3 d5 6. e5 c5 7. c3 Bg4 8. Rxh4 h5 9. dxc5 Nc6 10. e6 Bxe6 11. Ng5 Bg4 12. Qb3 Qc7 13. Qxd5 Nh6 14. Na3 Rd8 15. Nb5 Qb8 16. Qc4 Ne5,1. e4 g5 2. d4 h6 3. Bd3 Bg7 4. h4 gxh4 5. Nf3 d5 6. e5 c5 7. c3 Bg4 8. Rxh4 h5 9. dxc5 Nc6 10. e6 Bxe6 11. Ng5 Bg4 12. Qb3 Qc7 13. Qxd5 Nh6 14. Na3 Rd8 15. Nb5 Qb8 16. Qc4 Ne5,"MacDonald, D. - Basman, M., England 1981"
Opening (B00),Opening (B00),1. e4 g5 2. Nf3 f6 3. d4 c6 4. Ne5 fxe5 5. Qh5#,1. e4 g5 2. Nf3 f6 3. d4 c6 4. Ne5 fxe5 5. Qh5#,"Morin - Forscutt, Internet 1994"
Opening (A57),Opening (A57),1. d4 Nf6 2. c4 c5 3. d5 b5 4. Na3 b4 5. Nc2 d6 6. e3 e6 7. Bd3 exd5 8. Qf3 Bg4 9. Qf4 dxc4 10. Bxc4 d5 11. Qe5+ Be6 12. Bb5+ Nbd7 13. Bc6 Rc8 14. Bxd7+ Qxd7 15. Nf3 h6 16. O-O Bd6,1. d4 Nf6 2. c4 c5 3. d5 b5 4. Na3 b4 5. Nc2 d6 6. e3 e6 7. Bd3 exd5 8. Qf3 Bg4 9. Qf4 dxc4 10. Bxc4 d5 11. Qe5+ Be6 12. Bb5+ Nbd7 13. Bc6 Rc8 14. Bxd7+ Qxd7 15. Nf3 h6 16. O-O Bd6,"Reyes, Julio - Wall, Bill, San Antonio 1992"
Opening (A57),Opening (A57),1. d4 Nf6 2. c4 c5 3. d5 b5 4. b3 bxc4 5. bxc4 d6 6. Nc3 g6 7. e4 Bg7 8. Nf3 Nxe4 9. Nxe4 Bxa1,1. d4 Nf6 2. c4 c5 3. d5 b5 4. b3 bxc4 5. bxc4 d6 6. Nc3 g6 7. e4 Bg7 8. Nf3 Nxe4 9. Nxe4 Bxa1,"Puffy - Wall, Bill, Internet 1996"
Opening (A57),Opening (A57),1. d4 Nf6 2. c4 c5 3. d5 b5 4. Nd2 Qa5 5. e4 Nxe4 6. b4 Qxb4 7. Rb1 Qc3 8. Rxb5 Qd4 9. Nxe4 Qxe4+ 10. Be3 g6 11. Nf3 Bg7 12. Bd3 Qg4 13. h3 Qxg2 14. Rh2,1. d4 Nf6 2. c4 c5 3. d5 b5 4. Nd2 Qa5 5. e4 Nxe4 6. b4 Qxb4 7. Rb1 Qc3 8. Rxb5 Qd4 9. Nxe4 Qxe4+ 10. Be3 g6 11. Nf3 Bg7 12. Bd3 Qg4 13. h3 Qxg2 14. Rh2,"Dobosz - Massing, Goch 1991"
Opening (A57),Opening (A57),1. d4 Nf6 2. c4 c5 3. d5 b5 4. Nf3 g6 5. g3 Bg7 6. Bg2 d6 7. cxb5 a6 8. bxa6 Qa5+ 9. Nc3 Ne4 10. Qc2 Nxc3 11. Bd2 Qa4 12. b3 Qe4,1. d4 Nf6 2. c4 c5 3. d5 b5 4. Nf3 g6 5. g3 Bg7 6. Bg2 d6 7. cxb5 a6 8. bxa6 Qa5+ 9. Nc3 Ne4 10. Qc2 Nxc3 11. Bd2 Qa4 12. b3 Qe4,"Spassov - Adorjan, Sochi 1977"
Opening (A57),Opening (A57),1. d4 Nf6 2. c4 c5 3. d5 b5 4. Nf3 bxc4 5. Nc3 g6 6. e4 d6 7. Bxc4 Bg7 8. e5 dxe5 9. Nxe5 O-O 10. O-O Nbd7 11. Nc6 Qe8 12. Re1,1. d4 Nf6 2. c4 c5 3. d5 b5 4. Nf3 bxc4 5. Nc3 g6 6. e4 d6 7. Bxc4 Bg7 8. e5 dxe5 9. Nxe5 O-O 10. O-O Nbd7 11. Nc6 Qe8 12. Re1,"Gokhale - Cadillon, Linares 1997"
Opening (A57),Opening (A57),1. d4 Nf6 2. c4 c5 3. d5 b5 4. Bg5 Ne4 5. Bf4 Qa5+ 6. Nd2 bxc4 7. Qc2 Nf6 8. e4 d6 9. Bxc4 g6 10. e5 Nh5 11. Be3 dxe5 12. d6 Bb7 13. Bxf7+ Kd7 14. Qb3 Bc8 15. Qd5,1. d4 Nf6 2. c4 c5 3. d5 b5 4. Bg5 Ne4 5. Bf4 Qa5+ 6. Nd2 bxc4 7. Qc2 Nf6 8. e4 d6 9. Bxc4 g6 10. e5 Nh5 11. Be3 dxe5 12. d6 Bb7 13. Bxf7+ Kd7 14. Qb3 Bc8 15. Qd5,"Polgar, Susan - Ivanov, E., Varna 1981"
Opening (A57),Opening (A57),1. d4 Nf6 2. c4 c5 3. d5 b5 4. cxb5 a6 5. Nc3 axb5 6. Nxb5 Ba6 7. e3 Bxb5 8. Bxb5 Qa5+,1. d4 Nf6 2. c4 c5 3. d5 b5 4. cxb5 a6 5. Nc3 axb5 6. Nxb5 Ba6 7. e3 Bxb5 8. Bxb5 Qa5+,"Kirchenhoff - Foldi, Dortmund 1986"
Opening (A57),Opening (A57),1. d4 Nf6 2. c4 c5 3. d5 b5 4. cxb5 a6 5. Nc3 axb5 6. e4 b4 7. Nb5 Nxe4 8. Qe2 Nf6 9. Nd6#,1. d4 Nf6 2. c4 c5 3. d5 b5 4. cxb5 a6 5. Nc3 axb5 6. e4 b4 7. Nb5 Nxe4 8. Qe2 Nf6 9. Nd6#,"Hultin - Fromme, Sweden 1992"
Opening (A57),Opening (A57),1. d4 Nf6 2. c4 c5 3. d5 b5 4. cxb5 a6 5. Nc3 d6 6. e4 axb5 7. Bf4 b4 8. Nb5 Nxe4 9. Qe2 Nf6 10. Nxd6+,1. d4 Nf6 2. c4 c5 3. d5 b5 4. cxb5 a6 5. Nc3 d6 6. e4 axb5 7. Bf4 b4 8. Nb5 Nxe4 9. Qe2 Nf6 10. Nxd6+,"Buggler - Guarisco, Europe 1987"
Opening (A57),Opening (A57),1. d4 Nf6 2. c4 c5 3. d5 b5 4. cxb5 a6 5. e3 axb5 6. Bxb5 Qa5+ 7. Nc3 Bb7 8. Bd2 Qb6 9. Bc4 e6 10. Bc1 Qb4 11. Qb3 exd5,1. d4 Nf6 2. c4 c5 3. d5 b5 4. cxb5 a6 5. e3 axb5 6. Bxb5 Qa5+ 7. Nc3 Bb7 8. Bd2 Qb6 9. Bc4 e6 10. Bc1 Qb4 11. Qb3 exd5,"Domanski - Schlesinger, Giessem 1991"
Opening (A61),Opening (A61),1. d4 Nf6 2. c4 c5 3. d5 e6 4. Nc3 exd5 5. cxd5 d6 6. Nf3 g6 7. Bf4 b6 8. e4 Bg7 9. Bb5+ Bd7 10. Bxd6 Bxb5 11. Nxb5 Nxe4 12. Nc7+ Kd7 13. Bf4 g5 14. Nxg5,1. d4 Nf6 2. c4 c5 3. d5 e6 4. Nc3 exd5 5. cxd5 d6 6. Nf3 g6 7. Bf4 b6 8. e4 Bg7 9. Bb5+ Bd7 10. Bxd6 Bxb5 11. Nxb5 Nxe4 12. Nc7+ Kd7 13. Bf4 g5 14. Nxg5,"Lev - Karp, Tel Aviv 1990"
Opening (A60),Opening (A60),1. d4 Nf6 2. c4 c5 3. d5 e6 4. Nc3 exd5 5. cxd5 Bd6 6. e4 Bc7 7. d6 Ba5 8. e5 Ne4 9. Qg4 Nxc3 10. Qxg7 Ne4+ 11. Ke2 Rf8 12. Bh6,1. d4 Nf6 2. c4 c5 3. d5 e6 4. Nc3 exd5 5. cxd5 Bd6 6. e4 Bc7 7. d6 Ba5 8. e5 Ne4 9. Qg4 Nxc3 10. Qxg7 Ne4+ 11. Ke2 Rf8 12. Bh6,"Van Gisbergen - Lupu, Cappelle 1994"
Opening (A70),Opening (A70),1. d4 Nf6 2. c4 c5 3. d5 e6 4. Nc3 exd5 5. cxd5 d6 6. e4 g6 7. Nf3 Bg4 8. Be2 Qe7 9. O-O Nxe4 10. Qa4+ Nd7 11. Qxe4,1. d4 Nf6 2. c4 c5 3. d5 e6 4. Nc3 exd5 5. cxd5 d6 6. e4 g6 7. Nf3 Bg4 8. Be2 Qe7 9. O-O Nxe4 10. Qa4+ Nd7 11. Qxe4,"Wall, Bill - Campelli, Cris, Dayton 1984"
Opening (A60),Opening (A60),1. d4 Nf6 2. c4 c5 3. d5 e6 4. Nc3 exd5 5. cxd5 Bd6 6. g3 Bc7 7. d6 Ba5 8. Bg2 O-O 9. Nh3 Nc6 10. O-O Re8 11. Nd5 Re6 12. Ng5 Re5 13. f4 Re8 14. Qd3 g6 15. f5 c4 16. Qxc4 Ne5 17. Qh4 Nh5 18. g4,1. d4 Nf6 2. c4 c5 3. d5 e6 4. Nc3 exd5 5. cxd5 Bd6 6. g3 Bc7 7. d6 Ba5 8. Bg2 O-O 9. Nh3 Nc6 10. O-O Re8 11. Nd5 Re6 12. Ng5 Re5 13. f4 Re8 14. Qd3 g6 15. f5 c4 16. Qxc4 Ne5 17. Qh4 Nh5 18. g4,"Knaak - Hector, Kecskemet 1987"
Opening (A43),Opening (A43),1. d4 c5 2. d5 Na6 3. Nf3 d6 4. e4 Bg4 5. Ne5 Qa5+ 6. Bd2 dxe5 7. Bxa5 Bxd1 8. Bb5#,1. d4 c5 2. d5 Na6 3. Nf3 d6 4. e4 Bg4 5. Ne5 Qa5+ 6. Bd2 dxe5 7. Bxa5 Bxd1 8. Bb5#,"Charosh - Jaffe, New York 1936"
Opening (A44),Opening (A44),1. d4 c5 2. d5 e5 3. dxe6 fxe6 4. e4 e5 5. Qh5+ g6 6. Qxe5+,1. d4 c5 2. d5 e5 3. dxe6 fxe6 4. e4 e5 5. Qh5+ g6 6. Qxe5+,"Wall, Bill - Zxcmi, Internet 1996"
Opening (A43),Opening (A43),1. d4 c5 2. d5 e6 3. e4 exd5 4. exd5 Bd6 5. Nf3 b6 6. Bd3 Qe7+ 7. Be3 Nf6 8. O-O Nxd5 9. Re1 O-O 10. Bxh7+ Kxh7 11. Qxd5,1. d4 c5 2. d5 e6 3. e4 exd5 4. exd5 Bd6 5. Nf3 b6 6. Bd3 Qe7+ 7. Be3 Nf6 8. O-O Nxd5 9. Re1 O-O 10. Bxh7+ Kxh7 11. Qxd5,"Wall, Bill - Greg, Internet 1996"
Opening (A43),Opening (A43),1. d4 c5 2. d5 d6 3. e4 g6 4. Nc3 Bg7 5. Nf3 Na6 6. Be2 Nc7 7. O-O Nf6 8. Bf4 O-O 9. h3 b5 10. e5 dxe5 11. Nxe5 b4 12. Nc6 Qd7 13. Nb5 Ncxd5 14. Ne5 Qd8 15. Nc6 Qb6 16. Bf3 Bb7,1. d4 c5 2. d5 d6 3. e4 g6 4. Nc3 Bg7 5. Nf3 Na6 6. Be2 Nc7 7. O-O Nf6 8. Bf4 O-O 9. h3 b5 10. e5 dxe5 11. Nxe5 b4 12. Nc6 Qd7 13. Nb5 Ncxd5 14. Ne5 Qd8 15. Nc6 Qb6 16. Bf3 Bb7,"Gurevich, D. - Gnusurf, USA 1995"
Opening (A43),Opening (A43),1. d4 c5 2. d5 d6 3. e4 g6 4. Nc3 Bg7 5. Nf3 Na6 6. Bc4 Bd7 7. a4 Nc7 8. O-O Rb8 9. Bf4 f6 10. Qe2 Nh6 11. e5 fxe5 12. Nxe5 dxe5 13. Bxe5 Bxe5 14. Qxe5 Nf7 15. Qg7 Bf5 16. d6 e6 17. dxc7 Qxc7 18. Rfe1 Qe7 19. Bb5+ Kd8 20. Rad1+ Kc8 21. Rd7,1. d4 c5 2. d5 d6 3. e4 g6 4. Nc3 Bg7 5. Nf3 Na6 6. Bc4 Bd7 7. a4 Nc7 8. O-O Rb8 9. Bf4 f6 10. Qe2 Nh6 11. e5 fxe5 12. Nxe5 dxe5 13. Bxe5 Bxe5 14. Qxe5 Nf7 15. Qg7 Bf5 16. d6 e6 17. dxc7 Qxc7 18. Rfe1 Qe7 19. Bb5+ Kd8 20. Rad1+ Kc8 21. Rd7,"Vogel - Suhl, Germany 1993"
Opening (A03),Opening (A03),1. f4 d5 2. b3 Nf6 3. e3 c5 4. Bb5+ Nc6 5. d4 Qa5+,1. f4 d5 2. b3 Nf6 3. e3 c5 4. Bb5+ Nc6 5. d4 Qa5+,"Schenkein - Rindlisbacher, Arosa 1990"
Opening (A03),Opening (A03),1. f4 d5 2. Nf3 Nc6 3. e3 e6 4. Bb5 Bd7 5. O-O a6 6. Be2 Bc5 7. d4 Bd6 8. c4 Nge7 9. c5,1. f4 d5 2. Nf3 Nc6 3. e3 e6 4. Bb5 Bd7 5. O-O a6 6. Be2 Bc5 7. d4 Bd6 8. c4 Nge7 9. c5,"Wall, Bill - Oz, Internet 1996"
Opening (A03),Opening (A03),1. f4 d5 2. Nf3 Nf6 3. Nc3 Nc6 4. e3 d4 5. exd4 Nxd4 6. Bc4 Bg4 7. Ne5 Bxd1 8. Bxf7#,1. f4 d5 2. Nf3 Nf6 3. Nc3 Nc6 4. e3 d4 5. exd4 Nxd4 6. Bc4 Bg4 7. Ne5 Bxd1 8. Bxf7#,"Wall, Bill - Velas, Internet 1997"
Opening (A03),Opening (A03),1. f4 d5 2. Nf3 Nf6 3. e3 g6 4. d3 Bg7 5. Nbd2 O-O 6. h3 c5 7. b3 Ng4 8. Ne5 Nxe3,1. f4 d5 2. Nf3 Nf6 3. e3 g6 4. d3 Bg7 5. Nbd2 O-O 6. h3 c5 7. b3 Ng4 8. Ne5 Nxe3,"Martinez - Wall, Bill, Thailand 1974"
Opening (A03),Opening (A03),1. f4 d5 2. Nf3 h5 3. g3 h4 4. Nxh4 e5 5. fxe5 Rxh4 6. gxh4 Qxh4#,1. f4 d5 2. Nf3 h5 3. g3 h4 4. Nxh4 e5 5. fxe5 Rxh4 6. gxh4 Qxh4#,"Kourtesis - Kotronias, Athens 1989"
Opening (A03),Opening (A03),1. f4 d5 2. e4 dxe4 3. Nc3 Nf6 4. Qe2 Bf5 5. Qb5+ Bd7 6. Qxb7 Bc6 7. Bb5 Qd7 8. Bxc6 Qxc6 9. Qc8#,1. f4 d5 2. e4 dxe4 3. Nc3 Nf6 4. Qe2 Bf5 5. Qb5+ Bd7 6. Qxb7 Bc6 7. Bb5 Qd7 8. Bxc6 Qxc6 9. Qc8#,"Myers - NN, Iowa 1985"
Opening (A03),Opening (A03),1. f4 d5 2. h3 e5 3. g4 Qh4#,1. f4 d5 2. h3 e5 3. g4 Qh4#,"Van Kessel - Rensen, Europe 1990"
Opening (A02),Opening (A02),1. f4 Nf6 2. c4 d5 3. cxd5 Nxd5 4. d3 e5 5. fxe5 Bb4+ 6. Bd2 Ne3 7. Qa4+ b5 8. Qxb5+ Bd7 9. Qb7 Bc6 10. Qxb4 Nc2+,1. f4 Nf6 2. c4 d5 3. cxd5 Nxd5 4. d3 e5 5. fxe5 Bb4+ 6. Bd2 Ne3 7. Qa4+ b5 8. Qxb5+ Bd7 9. Qb7 Bc6 10. Qxb4 Nc2+,"Quabeck - Heuacker, Frankfurt 1936"
Opening (A02),Opening (A02),1. f4 Nf6 2. e3 d5 3. Nf3 Nc6 4. c4 Bf5 5. Na3 e6 6. b3 Bc5 7. d4 Bb4+ 8. Nd2 Ne4 9. Nab1 Qh4+ 10. Ke2 Qf2+ 11. Kd3 Nc5#,1. f4 Nf6 2. e3 d5 3. Nf3 Nc6 4. c4 Bf5 5. Na3 e6 6. b3 Bc5 7. d4 Bb4+ 8. Nd2 Ne4 9. Nab1 Qh4+ 10. Ke2 Qf2+ 11. Kd3 Nc5#,"Knudsen - Richardson, Iowa 1973"
Opening (A02),Opening (A02),1. f4 e5 2. Nf3 e4 3. Ng5 d5 4. e3 h6 5. Nxf7 Kxf7 6. Qh5+ g6 7. Qe5 Bg7,1. f4 e5 2. Nf3 e4 3. Ng5 d5 4. e3 h6 5. Nxf7 Kxf7 6. Qh5+ g6 7. Qe5 Bg7,"Wageneder - Acs, Balatonbereny 1992"
Opening (A02),Opening (A02),1. f4 e5 2. d3 exf4 3. Bxf4 Nc6 4. Nf3 Bc5 5. c3 d6 6. Nbd2 Nf6 7. Bg5 Ng4 8. Bh4 Qxh4+ 9. Nxh4 Bf2#,1. f4 e5 2. d3 exf4 3. Bxf4 Nc6 4. Nf3 Bc5 5. c3 d6 6. Nbd2 Nf6 7. Bg5 Ng4 8. Bh4 Qxh4+ 9. Nxh4 Bf2#,"Barsalou, N. - Wall, Bill, Dayton 1980"
Opening (A02),Opening (A02),1. f4 e5 2. fxe5 d6 3. exd6 Bxd6 4. b3 Qh4+ 5. g3 Qxg3+ 6. hxg3 Bxg3#,1. f4 e5 2. fxe5 d6 3. exd6 Bxd6 4. b3 Qh4+ 5. g3 Qxg3+ 6. hxg3 Bxg3#,"Mogusar - Trippe, St. Louis 1984"
Opening (A02),Opening (A02),1. f4 e5 2. fxe5 d6 3. exd6 Bxd6 4. d4 Qh4+ 5. Kd2 Qxd4+ 6. Ke1 Qh4+ 7. Kd2 Nf6 8. Nf3 Ne4+ 9. Ke3 Qf4+ 10. Kd3 Nf2+ 11. Kc3 Qb4#,1. f4 e5 2. fxe5 d6 3. exd6 Bxd6 4. d4 Qh4+ 5. Kd2 Qxd4+ 6. Ke1 Qh4+ 7. Kd2 Nf6 8. Nf3 Ne4+ 9. Ke3 Qf4+ 10. Kd3 Nf2+ 11. Kc3 Qb4#,"Riemslag - Cameron, Nijmegen 1978"
Opening (A02),Opening (A02),1. f4 e5 2. fxe5 d6 3. exd6 Bxd6 4. Nf3 Nc6 5. h3 Bg3#,1. f4 e5 2. fxe5 d6 3. exd6 Bxd6 4. Nf3 Nc6 5. h3 Bg3#,"Bodvarson - Olafsson, F., Iceland 1947"
Opening (A02),Opening (A02),1. f4 e5 2. fxe5 d6 3. exd6 Bxd6 4. Nf3 Nc6 5. e4 g5 6. d4 g4 7. Ng5 Nxd4 8. Qxd4 Bg3+ 9. hxg3 Qxd4,1. f4 e5 2. fxe5 d6 3. exd6 Bxd6 4. Nf3 Nc6 5. e4 g5 6. d4 g4 7. Ng5 Nxd4 8. Qxd4 Bg3+ 9. hxg3 Qxd4,"Murtaugh, H. - Wall, Bill, Okinawa 1972"
Opening (A02),Opening (A02),1. f4 e5 2. fxe5 d6 3. exd6 Bxd6 4. Nf3 Nf6 5. Nc3 O-O 6. e4 Re8 7. d3 Ng4 8. Be2 Nxh2 9. Nxh2 Bg3+ 10. Kf1 Qd4,1. f4 e5 2. fxe5 d6 3. exd6 Bxd6 4. Nf3 Nf6 5. Nc3 O-O 6. e4 Re8 7. d3 Ng4 8. Be2 Nxh2 9. Nxh2 Bg3+ 10. Kf1 Qd4,"Lang - Multhopp, H., Philadelphia 1995"
Opening (A02),Opening (A02),1. f4 e5 2. fxe5 d6 3. exd6 Bxd6 4. Nf3 Nf6 5. d4 Ne4 6. c4 O-O 7. e3 Re8 8. Qc2 Bg4 9. h3 Qh4+ 10. Nxh4 Bg3+ 11. Qf2 Bxf2#,1. f4 e5 2. fxe5 d6 3. exd6 Bxd6 4. Nf3 Nf6 5. d4 Ne4 6. c4 O-O 7. e3 Re8 8. Qc2 Bg4 9. h3 Qh4+ 10. Nxh4 Bg3+ 11. Qf2 Bxf2#,"Evans, K. - Nagley, Internet 1997"
Opening (A02),Opening (A02),1. f4 e5 2. fxe5 d6 3. exd6 Bxd6 4. Nf3 Nf6 5. d4 Ng4 6. Nc3 Bxh2 7. Bg5 Bg3+ 8. Kd2 f6 9. Bh4 Nf2 10. Qc1 Nxh1,1. f4 e5 2. fxe5 d6 3. exd6 Bxd6 4. Nf3 Nf6 5. d4 Ng4 6. Nc3 Bxh2 7. Bg5 Bg3+ 8. Kd2 f6 9. Bh4 Nf2 10. Qc1 Nxh1,"Guischard - Gedult, Paris 1972"
Opening (A02),Opening (A02),1. f4 e5 2. fxe5 d6 3. exd6 Bxd6 4. Nf3 Bg4 5. e3 Qf6 6. Nc3 Ne7 7. Ne4 Bxf3 8. Nxf6+ gxf6 9. Qxf3,1. f4 e5 2. fxe5 d6 3. exd6 Bxd6 4. Nf3 Bg4 5. e3 Qf6 6. Nc3 Ne7 7. Ne4 Bxf3 8. Nxf6+ gxf6 9. Qxf3,"Vargyas - Vegvari, Hungary 1994"
Opening (A02),Opening (A02),1. f4 e5 2. fxe5 d6 3. exd6 Bxd6 4. Nf3 g5 5. c3 g4 6. Qa4+ Nc6 7. Nd4 Qh4+ 8. Kd1 g3 9. b4 Qxh2 10. Rxh2 gxh2,1. f4 e5 2. fxe5 d6 3. exd6 Bxd6 4. Nf3 g5 5. c3 g4 6. Qa4+ Nc6 7. Nd4 Qh4+ 8. Kd1 g3 9. b4 Qxh2 10. Rxh2 gxh2,"Linder - Joppen, Germany 1950"
Opening (A02),Opening (A02),1. f4 e5 2. fxe5 d6 3. exd6 Bxd6 4. Nf3 g5 5. c3 g4 6. Qa4+ Nc6 7. Nd4 Qh4+ 8. Kd1 g3 9. b3 Qxh2 10. Rxh2 gxh2,1. f4 e5 2. fxe5 d6 3. exd6 Bxd6 4. Nf3 g5 5. c3 g4 6. Qa4+ Nc6 7. Nd4 Qh4+ 8. Kd1 g3 9. b3 Qxh2 10. Rxh2 gxh2,"Bird - Gunsberg, Hastings 1892"
Opening (A02),Opening (A02),1. f4 e5 2. fxe5 d6 3. exd6 Bxd6 4. Nf3 g5 5. d4 g4 6. Ng5 c5 7. h3 Bg3+ 8. Kd2 Qxd4#,1. f4 e5 2. fxe5 d6 3. exd6 Bxd6 4. Nf3 g5 5. d4 g4 6. Ng5 c5 7. h3 Bg3+ 8. Kd2 Qxd4#,"MacBrayne - Crichton, Scotland 1980"
Opening (A02),Opening (A02),1. f4 e5 2. fxe5 d6 3. exd6 Bxd6 4. Nf3 g5 5. e4 g4 6. Nd4 Qh4+ 7. Ke2 g3 8. d3 Qxh2 9. Rxh2 gxh2,1. f4 e5 2. fxe5 d6 3. exd6 Bxd6 4. Nf3 g5 5. e4 g4 6. Nd4 Qh4+ 7. Ke2 g3 8. d3 Qxh2 9. Rxh2 gxh2,"Gliksteen - Lawrence, Ohio 1971"
Opening (A02),Opening (A02),1. f4 e5 2. fxe5 d6 3. exd6 Bxd6 4. Nf3 g5 5. e4 g4 6. Ng1 Qh4+ 7. Ke2 g3 8. Nc3 Qxh2 9. Rxh2 gxh2,1. f4 e5 2. fxe5 d6 3. exd6 Bxd6 4. Nf3 g5 5. e4 g4 6. Ng1 Qh4+ 7. Ke2 g3 8. Nc3 Qxh2 9. Rxh2 gxh2,"Natapov - Radobarin, USSR 1969"
Opening (A02),Opening (A02),1. f4 e5 2. fxe5 d6 3. exd6 Bxd6 4. Nf3 g5 5. h3 Bg3#,1. f4 e5 2. fxe5 d6 3. exd6 Bxd6 4. Nf3 g5 5. h3 Bg3#,"Rossetti - Gedult, Paris 1973"
Opening (A02),Opening (A02),1. f4 e5 2. fxe5 d6 3. exd6 Bxd6 4. Nf3 h5 5. g3 h4 6. Nxh4 Rxh4 7. gxh4 Qxh4#,1. f4 e5 2. fxe5 d6 3. exd6 Bxd6 4. Nf3 h5 5. g3 h4 6. Nxh4 Rxh4 7. gxh4 Qxh4#,"Warren, R. - Wall, Bill, North Carlina 1975"
Opening (A02),Opening (A02),1. f4 e5 2. fxe5 d6 3. exd6 Bxd6 4. Nf3 Nh6 5. e4 Ng4 6. Qe2 O-O 7. Nc3 f5 8. d3 fxe4 9. dxe4 Nxh2 10. Nxh2 Bg3+,1. f4 e5 2. fxe5 d6 3. exd6 Bxd6 4. Nf3 Nh6 5. e4 Ng4 6. Qe2 O-O 7. Nc3 f5 8. d3 fxe4 9. dxe4 Nxh2 10. Nxh2 Bg3+,"Lowenthal - Wendeker, Lvov 1934"
Opening (A02),Opening (A02),1. f4 e5 2. fxe5 d6 3. exd6 Bxd6 4. g3 Qg5 5. Nf3 Qxg3+ 6. hxg3 Bxg3#,1. f4 e5 2. fxe5 d6 3. exd6 Bxd6 4. g3 Qg5 5. Nf3 Qxg3+ 6. hxg3 Bxg3#,"NN - Du Mont, France 1802"
Opening (A02),Opening (A02),1. f4 e5 2. fxe5 Qh4+ 3. g3 Qe4 4. Nf3 Nc6 5. Nc3 Qf5 6. e4 Qe6 7. d4 Qe7 8. Bg5 Qb4 9. a3 Qxb2 10. Na4,1. f4 e5 2. fxe5 Qh4+ 3. g3 Qe4 4. Nf3 Nc6 5. Nc3 Qf5 6. e4 Qe6 7. d4 Qe7 8. Bg5 Qb4 9. a3 Qxb2 10. Na4,"Greco - NN, Italy 1620"
Opening (C23),Opening (C23),1. e4 e5 2. Bc4 Bc5 3. c3 Nf6 4. d4 exd4 5. e5 d5 6. exf6 dxc4 7. Qh5 Bf8 8. Qe5+ Be6 9. fxg7,1. e4 e5 2. Bc4 Bc5 3. c3 Nf6 4. d4 exd4 5. e5 d5 6. exf6 dxc4 7. Qh5 Bf8 8. Qe5+ Be6 9. fxg7,"Ursell - O'Hanlon, Southsea 1949"
Opening (C23),Opening (C23),1. e4 e5 2. Bc4 Bc5 3. b4 Bb6 4. Nc3 Nf6 5. Nf3 Nxe4 6. Bxf7+ Kxf7 7. Nxe5+ Ke6 8. Nxe4 Kxe5 9. Bb2+ Kxe4 10. Qf3#,1. e4 e5 2. Bc4 Bc5 3. b4 Bb6 4. Nc3 Nf6 5. Nf3 Nxe4 6. Bxf7+ Kxf7 7. Nxe5+ Ke6 8. Nxe4 Kxe5 9. Bb2+ Kxe4 10. Qf3#,"Oskam - Grosjean, Rotterdam 1930"
Opening (C23),Opening (C23),1. e4 e5 2. Bc4 Bc5 3. d3 Nc6 4. Nh3 Qh4 5. Bg5,1. e4 e5 2. Bc4 Bc5 3. d3 Nc6 4. Nh3 Qh4 5. Bg5,"Wall, Bill - Stroud, D., North Carolina 1977"
Opening (C23),Opening (C23),1. e4 e5 2. Bc4 Bc5 3. Qh5 g6 4. Qxe5+,1. e4 e5 2. Bc4 Bc5 3. Qh5 g6 4. Qxe5+,"Meyer - Newcomb, Los Angeles 1952"
Opening (C23),Opening (C23),1. e4 e5 2. Bc4 Bc5 3. Qh5 Qe7 4. Nc3 c6 5. Nf3 Nf6 6. Qxe5 Bxf2+ 7. Kxf2 Ng4+,1. e4 e5 2. Bc4 Bc5 3. Qh5 Qe7 4. Nc3 c6 5. Nf3 Nf6 6. Qxe5 Bxf2+ 7. Kxf2 Ng4+,"NN - Greco, Italy 1620"
Opening (C23),Opening (C23),1. e4 e5 2. Bc4 Nc6 3. d3 Na5 4. Bxf7+ Kxf7 5. Qh5+ g6 6. Qxe5,1. e4 e5 2. Bc4 Nc6 3. d3 Na5 4. Bxf7+ Kxf7 5. Qh5+ g6 6. Qxe5,"Langeweg - Ten, Netherlands 1983"
Opening (C23),Opening (C23),1. e4 e5 2. Bc4 Nc6 3. d3 Na5 4. Bxf7+ Kxf7 5. Qh5+ Ke6 6. Qf5+ Kd6 7. d4 Qf6 8. dxe5+ Qxe5 9. Bf4,1. e4 e5 2. Bc4 Nc6 3. d3 Na5 4. Bxf7+ Kxf7 5. Qh5+ Ke6 6. Qf5+ Kd6 7. d4 Qf6 8. dxe5+ Qxe5 9. Bf4,"Boros - Saller, Europe 1995"
Opening (C23),Opening (C23),1. e4 e5 2. Bc4 Nc6 3. Qf3 Nf6 4. Bd5 Nd4 5. Qc3 c6 6. Bc4 Nxe4 7. Qd3 d5 8. f3 Qh4+ 9. g3 Nxg3,1. e4 e5 2. Bc4 Nc6 3. Qf3 Nf6 4. Bd5 Nd4 5. Qc3 c6 6. Bc4 Nxe4 7. Qd3 d5 8. f3 Qh4+ 9. g3 Nxg3,"Yarray - Wall, Internet 1996"
Opening (C23),Opening (C23),1. e4 e5 2. Bc4 Nc6 3. Qg4 d5,1. e4 e5 2. Bc4 Nc6 3. Qg4 d5,"AsphaltBoy - Wall, Internet 1996"
Opening (C23),Opening (C23),1. e4 e5 2. Bc4 Nc6 3. Qh5 d6 4. Qxf7#,1. e4 e5 2. Bc4 Nc6 3. Qh5 d6 4. Qxf7#,"Brady - NN, USA 1993"
Opening (C23),Opening (C23),1. e4 e5 2. Bc4 c6 3. Nf3 d5 4. exd5 Bg4 5. Qe2 Bxf3 6. Qxf3 b5 7. dxc6 bxc4 8. c7 e4 9. Qxe4+ Qe7 10. c8=Q#,1. e4 e5 2. Bc4 c6 3. Nf3 d5 4. exd5 Bg4 5. Qe2 Bxf3 6. Qxf3 b5 7. dxc6 bxc4 8. c7 e4 9. Qxe4+ Qe7 10. c8=Q#,"Wall, Bill - Webcrawler, Internet 1997"
Opening (C24),Opening (C24),1. e4 e5 2. Bc4 Nf6 3. d3 c6 4. Nf3 d5 5. Bb3 dxe4 6. Nxe5 Qa5+,1. e4 e5 2. Bc4 Nf6 3. d3 c6 4. Nf3 d5 5. Bb3 dxe4 6. Nxe5 Qa5+,"Tammela - Kiltti, Europe 1992"
Opening (C24),Opening (C24),1. e4 e5 2. Bc4 Nf6 3. d3 d5 4. exd5 Nxd5 5. Nf3 Nc6 6. O-O Be7 7. Re1 Bf6 8. Bb5 Bg4 9. Nxe5 Bxd1 10. Nxc6+ Kf8 11. Nxd8,1. e4 e5 2. Bc4 Nf6 3. d3 d5 4. exd5 Nxd5 5. Nf3 Nc6 6. O-O Be7 7. Re1 Bf6 8. Bb5 Bg4 9. Nxe5 Bxd1 10. Nxc6+ Kf8 11. Nxd8,"Malaschitz - Aouriri, Internet 1997"
Opening (C24),Opening (C24),1. e4 e5 2. Bc4 Nf6 3. d4 exd4 4. e5 d5 5. exd6 Bxd6 6. Qxd4 Bb4+,1. e4 e5 2. Bc4 Nf6 3. d4 exd4 4. e5 d5 5. exd6 Bxd6 6. Qxd4 Bb4+,"Hejny - Jerabek, Czechoslovakia 1993"
Opening (C24),Opening (C24),1. e4 e5 2. Bc4 Nf6 3. d4 Nxe4 4. dxe5 d6 5. Qd5 Be6 6. Qxb7 Bxc4 7. Qxa8 dxe5 8. Qxe4,1. e4 e5 2. Bc4 Nf6 3. d4 Nxe4 4. dxe5 d6 5. Qd5 Be6 6. Qxb7 Bxc4 7. Qxa8 dxe5 8. Qxe4,"Linke - Huber, Germany 1992"
Opening (D00),Opening (D00),1. d4 d5 2. e4 Nf6 3. e5 Ne4 4. f3,1. d4 d5 2. e4 Nf6 3. e5 Ne4 4. f3,"Wall, Bill - Snitch, Internet 1996"
Opening (D00),Opening (D00),1. d4 d5 2. e4 dxe4 3. Nc3 c5 4. Bc4 Qxd4 5. Nd5 Qxc4 6. Nc7#,1. d4 d5 2. e4 dxe4 3. Nc3 c5 4. Bc4 Qxd4 5. Nd5 Qxc4 6. Nc7#,"Gedult - Deverrier, France 1973"
Opening (D00),Opening (D00),1. d4 d5 2. e4 dxe4 3. Nc3 Nc6 4. d5 Ne5 5. Qd4 Ng6 6. Bb5+ c6 7. dxc6 Qxd4 8. cxb7+ Kd8 9. bxa8=Q,1. d4 d5 2. e4 dxe4 3. Nc3 Nc6 4. d5 Ne5 5. Qd4 Ng6 6. Bb5+ c6 7. dxc6 Qxd4 8. cxb7+ Kd8 9. bxa8=Q,"Wall, Bill - Robison, Los Angeles 1969"
Opening (D00),Opening (D00),1. d4 d5 2. e4 dxe4 3. Nc3 e5 4. Qe2 Qxd4 5. Qxe4 Bb4 6. Bd2 Bxc3,1. d4 d5 2. e4 dxe4 3. Nc3 e5 4. Qe2 Qxd4 5. Qxe4 Bb4 6. Bd2 Bxc3,"Plath - Pohl, Corr. 1988"
Opening (D00),Opening (D00),1. d4 d5 2. e4 dxe4 3. Nc3 f5 4. f3 Nc6 5. Bb5 exf3 6. Nxf3 Nh6 7. Bxh6 gxh6 8. Ne5 a6 9. Qh5#,1. d4 d5 2. e4 dxe4 3. Nc3 f5 4. f3 Nc6 5. Bb5 exf3 6. Nxf3 Nh6 7. Bxh6 gxh6 8. Ne5 a6 9. Qh5#,"Wall, Bill - DieHappy, Internet 1996"
Opening (D00),Opening (D00),1. d4 d5 2. e4 dxe4 3. Nc3 Nf6 4. f3 c5 5. Bf4 cxd4 6. Nb5 Nd5 7. Bxb8 Ne3 8. Nc7+ Qxc7 9. Bxc7 Nxd1 10. Rxd1,1. d4 d5 2. e4 dxe4 3. Nc3 Nf6 4. f3 c5 5. Bf4 cxd4 6. Nb5 Nd5 7. Bxb8 Ne3 8. Nc7+ Qxc7 9. Bxc7 Nxd1 10. Rxd1,"Gedult - Zweigberg, Paris 1971"
Opening (D00),Opening (D00),1. d4 d5 2. e4 dxe4 3. Nc3 Nf6 4. f3 exf3 5. Nxf3 c6 6. Bc4 Nbd7 7. Ng5 Nd5 8. Nxd5 cxd5 9. Nxf7 Kxf7 10. Qh5+ g6 11. Qxd5+ e6 12. Qxe6+ Kg7 13. Qf7#,1. d4 d5 2. e4 dxe4 3. Nc3 Nf6 4. f3 exf3 5. Nxf3 c6 6. Bc4 Nbd7 7. Ng5 Nd5 8. Nxd5 cxd5 9. Nxf7 Kxf7 10. Qh5+ g6 11. Qxd5+ e6 12. Qxe6+ Kg7 13. Qf7#,"Stapelfeld - Stock, Postal 1980"
Opening (D00),Opening (D00),1. d4 d5 2. e4 dxe4 3. Nc3 Nf6 4. f3 exf3 5. Nxf3 Bf5 6. Ne5 h5 7. Qf3 Qc8 8. Bc4 e6 9. Bg5 Ng4 10. Qxf5 exf5 11. Bxf7#,1. d4 d5 2. e4 dxe4 3. Nc3 Nf6 4. f3 exf3 5. Nxf3 Bf5 6. Ne5 h5 7. Qf3 Qc8 8. Bc4 e6 9. Bg5 Ng4 10. Qxf5 exf5 11. Bxf7#,"Leisebein - Burk, V., Corr. 1986"
Opening (D00),Opening (D00),1. d4 d5 2. e4 dxe4 3. Nc3 Nf6 4. f3 exf3 5. Nxf3 Bg4 6. Bf4 Bxf3 7. Qxf3 Qxd4 8. Qxb7 Qxf4 9. Qc8#,1. d4 d5 2. e4 dxe4 3. Nc3 Nf6 4. f3 exf3 5. Nxf3 Bg4 6. Bf4 Bxf3 7. Qxf3 Qxd4 8. Qxb7 Qxf4 9. Qc8#,"Wall, Bill - Scal, Internet 1996"
Opening (D00),Opening (D00),1. d4 d5 2. e4 dxe4 3. Nc3 Nf6 4. f3 exf3 5. Nxf3 g6 6. Bc4 Bg7 7. h4 Nbd7 8. Bxf7+ Kxf7 9. Ng5+ Ke8 10. Ne6,1. d4 d5 2. e4 dxe4 3. Nc3 Nf6 4. f3 exf3 5. Nxf3 g6 6. Bc4 Bg7 7. h4 Nbd7 8. Bxf7+ Kxf7 9. Ng5+ Ke8 10. Ne6,"Purser, T. - Weinberg, Corr. 1983"
Opening (D00),Opening (D00),1. d4 d5 2. e4 dxe4 3. Nc3 Nf6 4. f3 exf3 5. Qxf3 Nc6 6. Bb5 Qxd4 7. Bxc6+ bxc6 8. Qxc6+,1. d4 d5 2. e4 dxe4 3. Nc3 Nf6 4. f3 exf3 5. Qxf3 Nc6 6. Bb5 Qxd4 7. Bxc6+ bxc6 8. Qxc6+,"De Vore - Silman, Corr. 1968"
Opening (D00),Opening (D00),1. d4 d5 2. e4 dxe4 3. Nc3 Nf6 4. f3 exf3 5. Qxf3 Qxd4 6. Be3 Qb4 7. O-O-O e5 8. Nb5 Na6 9. a3 Qe4 10. Qf2 Ng4 11. Bg5 f6,1. d4 d5 2. e4 dxe4 3. Nc3 Nf6 4. f3 exf3 5. Qxf3 Qxd4 6. Be3 Qb4 7. O-O-O e5 8. Nb5 Na6 9. a3 Qe4 10. Qf2 Ng4 11. Bg5 f6,"Van Eijk - Carvalho, Internet 1996"
Opening (D00),Opening (D00),1. d4 d5 2. e4 dxe4 3. Nc3 Nf6 4. f3 exf3 5. Qxf3 Qxd4 6. Be3 Qb4 7. O-O-O e5 8. Nb5 Na6 9. Bg5 e4 10. Bxf6 exf3 11. Rd8#,1. d4 d5 2. e4 dxe4 3. Nc3 Nf6 4. f3 exf3 5. Qxf3 Qxd4 6. Be3 Qb4 7. O-O-O e5 8. Nb5 Na6 9. Bg5 e4 10. Bxf6 exf3 11. Rd8#,"Wall, Bill - Millimaci, S., Mountain View, CA 1987"
Opening (D00),Opening (D00),1. d4 d5 2. e4 dxe4 3. Nc3 Nf6 4. f3 exf3 5. Qxf3 Qxd4 6. Be3 Qb4 7. O-O-O Bg4 8. Nb5 Qa5 9. Qxb7 Bxd1 10. Qc8#,1. d4 d5 2. e4 dxe4 3. Nc3 Nf6 4. f3 exf3 5. Qxf3 Qxd4 6. Be3 Qb4 7. O-O-O Bg4 8. Nb5 Qa5 9. Qxb7 Bxd1 10. Qc8#,"Ewald - Pfaus, Frankfurt 1991"
Opening (D00),Opening (D00),1. d4 d5 2. e4 dxe4 3. Nc3 Nf6 4. f3 exf3 5. Qxf3 Qxd4 6. Be3 Qb4 7. O-O-O Bg4 8. Nb5 Na6 9. Qxb7 Rc8 10. Nxc7+,1. d4 d5 2. e4 dxe4 3. Nc3 Nf6 4. f3 exf3 5. Qxf3 Qxd4 6. Be3 Qb4 7. O-O-O Bg4 8. Nb5 Na6 9. Qxb7 Rc8 10. Nxc7+,"Wall, Bill - Corrie, Thailand 1974"
Opening (D00),Opening (D00),1. d4 d5 2. e4 dxe4 3. Nc3 Nf6 4. f3 exf3 5. Qxf3 Qxd4 6. Be3 Qb4 7. O-O-O Bg4 8. Nb5 Nfd7 9. Qxb7,1. d4 d5 2. e4 dxe4 3. Nc3 Nf6 4. f3 exf3 5. Qxf3 Qxd4 6. Be3 Qb4 7. O-O-O Bg4 8. Nb5 Nfd7 9. Qxb7,"Kennedy - Goldberg, New Jersey 1992"
Opening (D00),Opening (D00),1. d4 d5 2. e4 dxe4 3. Nc3 Nf6 4. f3 exf3 5. Qxf3 Qxd4 6. Be3 Qb4 7. O-O-O Bg4 8. Nb5 e5 9. Nxc7+ Ke7 10. Qxb7 Qxb7 11. Bc5#,1. d4 d5 2. e4 dxe4 3. Nc3 Nf6 4. f3 exf3 5. Qxf3 Qxd4 6. Be3 Qb4 7. O-O-O Bg4 8. Nb5 e5 9. Nxc7+ Ke7 10. Qxb7 Qxb7 11. Bc5#,"Bartsch - Jennen, Germany 1948"
Opening (D00),Opening (D00),1. d4 d5 2. e4 dxe4 3. Nc3 Nf6 4. f3 exf3 5. Qxf3 Qxd4 6. Be3 Qe5 7. O-O-O Bg4 8. Qxb7 Qxe3+ 9. Kb1 Bxd1 10. Qc8#,1. d4 d5 2. e4 dxe4 3. Nc3 Nf6 4. f3 exf3 5. Qxf3 Qxd4 6. Be3 Qe5 7. O-O-O Bg4 8. Qxb7 Qxe3+ 9. Kb1 Bxd1 10. Qc8#,"Baitsch - Pahlke, Baden 1956"
Opening (D00),Opening (D00),1. d4 d5 2. e4 dxe4 3. Nc3 Nf6 4. f3 exf3 5. Qxf3 Qxd4 6. Be3 Qg4 7. Qf2 Qb4 8. O-O-O Nc6 9. Nb5 Qa5 10. Qe1,1. d4 d5 2. e4 dxe4 3. Nc3 Nf6 4. f3 exf3 5. Qxf3 Qxd4 6. Be3 Qg4 7. Qf2 Qb4 8. O-O-O Nc6 9. Nb5 Qa5 10. Qe1,"Welling - Scheeren, Eindhoven 1987"
Opening (A51),Opening (A51),1. d4 Nf6 2. c4 e5 3. d5 Bb4+ 4. Nc3 d6 5. Qa4+,1. d4 Nf6 2. c4 e5 3. d5 Bb4+ 4. Nc3 d6 5. Qa4+,"Gueye - Tonci, Sharjah 1985"
Opening (A51),Opening (A51),1. d4 Nf6 2. c4 e5 3. d5 Bc5 4. Bg5 Ne4 5. Bxd8 Bxf2#,1. d4 Nf6 2. c4 e5 3. d5 Bc5 4. Bg5 Ne4 5. Bxd8 Bxf2#,"Arnold - Hanauer, Philadelphia 1936"
Opening (A51),Opening (A51),1. d4 Nf6 2. c4 e5 3. d5 Bc5 4. Bg5 Ne4 5. Be3 Bxe3 6. fxe3 Qh4+ 7. g3 Nxg3 8. Nf3 Qh6,1. d4 Nf6 2. c4 e5 3. d5 Bc5 4. Bg5 Ne4 5. Be3 Bxe3 6. fxe3 Qh4+ 7. g3 Nxg3 8. Nf3 Qh6,"Wacker - Klein, Germany 1993"
Opening (A51),Opening (A51),1. d4 Nf6 2. c4 e5 3. dxe5 Ne4 4. a3 d6 5. exd6 Bxd6 6. g3 Nxf2 7. Kxf2 Bxg3+,1. d4 Nf6 2. c4 e5 3. dxe5 Ne4 4. a3 d6 5. exd6 Bxd6 6. g3 Nxf2 7. Kxf2 Bxg3+,"Warren - Selman, Corr. 1930"
Opening (A51),Opening (A51),1. d4 Nf6 2. c4 e5 3. dxe5 Ne4 4. Qc2 Bb4+ 5. Nd2 d5 6. exd6 Bf5 7. Qa4+ Nc6 8. a3 Nc5 9. dxc7 Qe7 10. Qd1 Nd3#,1. d4 Nf6 2. c4 e5 3. dxe5 Ne4 4. Qc2 Bb4+ 5. Nd2 d5 6. exd6 Bf5 7. Qa4+ Nc6 8. a3 Nc5 9. dxc7 Qe7 10. Qd1 Nd3#,"Lagha - Contedini, Leipzig 1960"
Opening (A51),Opening (A51),1. d4 Nf6 2. c4 e5 3. dxe5 Ne4 4. Qc2 d5 5. cxd5 Qxd5 6. Qxc7 Bb4+ 7. Nd2 Nxd2 8. Qxc8+ Ke7 9. Qc7+ Ke6,1. d4 Nf6 2. c4 e5 3. dxe5 Ne4 4. Qc2 d5 5. cxd5 Qxd5 6. Qxc7 Bb4+ 7. Nd2 Nxd2 8. Qxc8+ Ke7 9. Qc7+ Ke6,"Bloemen - Gedult, Paris 1971"
Opening (A51),Opening (A51),1. d4 Nf6 2. c4 e5 3. dxe5 Ne4 4. f3 Bb4+ 5. Bd2 Qh4+ 6. g3 Nxg3 7. Bxb4 Ne4#,1. d4 Nf6 2. c4 e5 3. dxe5 Ne4 4. f3 Bb4+ 5. Bd2 Qh4+ 6. g3 Nxg3 7. Bxb4 Ne4#,"Rabott - Wall, Bill, Internet 1996"
Opening (A52),Opening (A52),1. d4 Nf6 2. c4 e5 3. dxe5 Ng4 4. Nc3 d6 5. exd6 Bxd6 6. h3 Nxf2 7. Kxf2 Qh4+ 8. Kf3 Qg3+ 9. Ke4 Bf5+ 10. Kxf5 Qg6#,1. d4 Nf6 2. c4 e5 3. dxe5 Ng4 4. Nc3 d6 5. exd6 Bxd6 6. h3 Nxf2 7. Kxf2 Qh4+ 8. Kf3 Qg3+ 9. Ke4 Bf5+ 10. Kxf5 Qg6#,"Fomin - Fedossov, USSR 1988"
Opening (A52),Opening (A52),1. d4 Nf6 2. c4 e5 3. dxe5 Ng4 4. Qd4 d6 5. exd6 Bxd6 6. Qxg7 Be5,1. d4 Nf6 2. c4 e5 3. dxe5 Ng4 4. Qd4 d6 5. exd6 Bxd6 6. Qxg7 Be5,"Takasz - Krejcik, Vienna 1920"
Opening (A52),Opening (A52),1. d4 Nf6 2. c4 e5 3. dxe5 Ng4 4. Qd4 d6 5. exd6 Bxd6 6. c5 Nc6 7. Qd1 Nxf2 8. Kxf2 Bg3+ 9. hxg3 Qxd1,1. d4 Nf6 2. c4 e5 3. dxe5 Ng4 4. Qd4 d6 5. exd6 Bxd6 6. c5 Nc6 7. Qd1 Nxf2 8. Kxf2 Bg3+ 9. hxg3 Qxd1,"Rajacajn - Wall, Bill, Internet 1996"
Opening (A52),Opening (A52),1. d4 Nf6 2. c4 e5 3. dxe5 Ng4 4. Nf3 Bc5 5. e4 Nc6 6. Bg5 Bxf2+ 7. Ke2 Nd4+ 8. Qxd4 Bxd4 9. Bxd8 Bxb2,1. d4 Nf6 2. c4 e5 3. dxe5 Ng4 4. Nf3 Bc5 5. e4 Nc6 6. Bg5 Bxf2+ 7. Ke2 Nd4+ 8. Qxd4 Bxd4 9. Bxd8 Bxb2,"Zak - Mieses, London 1944"
Opening (A52),Opening (A52),1. d4 Nf6 2. c4 e5 3. dxe5 Ng4 4. Nf3 Nc6 5. Bf4 Bb4+ 6. Nc3 Qe7 7. g3 Ncxe5 8. Ng5 h6 9. Nge4 f5 10. Nd2 Nd3#,1. d4 Nf6 2. c4 e5 3. dxe5 Ng4 4. Nf3 Nc6 5. Bf4 Bb4+ 6. Nc3 Qe7 7. g3 Ncxe5 8. Ng5 h6 9. Nge4 f5 10. Nd2 Nd3#,"Heuston, G. - Wall, Bill, Fremont, CA 1991"
Opening (A52),Opening (A52),1. d4 Nf6 2. c4 e5 3. dxe5 Ng4 4. Nf3 Nc6 5. Bf4 Bb4+ 6. Nbd2 Qe7 7. a3 Ngxe5 8. axb4 Nd3#,1. d4 Nf6 2. c4 e5 3. dxe5 Ng4 4. Nf3 Nc6 5. Bf4 Bb4+ 6. Nbd2 Qe7 7. a3 Ngxe5 8. axb4 Nd3#,"Detellis, P. - Wall, Bill, Condord, CA 1986"
Opening (A52),Opening (A52),1. d4 Nf6 2. c4 e5 3. dxe5 Ng4 4. Nf3 d6 5. exd6 Bxd6 6. h3 Nxf2 7. Kxf2 Bg3+ 8. Kxg3 Qxd1,1. d4 Nf6 2. c4 e5 3. dxe5 Ng4 4. Nf3 d6 5. exd6 Bxd6 6. h3 Nxf2 7. Kxf2 Bg3+ 8. Kxg3 Qxd1,"Preston - Wall, Bill, Thailand 1973"
Opening (A52),Opening (A52),1. d4 Nf6 2. c4 e5 3. dxe5 Ng4 4. Bf4 Nc6 5. Nf3 Bb4+ 6. Nbd2 Qe7 7. a3 Ncxe5 8. axb4 Nd3#,1. d4 Nf6 2. c4 e5 3. dxe5 Ng4 4. Bf4 Nc6 5. Nf3 Bb4+ 6. Nbd2 Qe7 7. a3 Ncxe5 8. axb4 Nd3#,"Subbramman - Munteanu, India 1991"
Opening (A52),Opening (A52),1. d4 Nf6 2. c4 e5 3. dxe5 Ng4 4. Bf4 Nc6 5. Nf3 Bb4+ 6. Nbd2 Qe7 7. h3 Ngxe5 8. Nxe5 Nxe5 9. a3 Nd3#,1. d4 Nf6 2. c4 e5 3. dxe5 Ng4 4. Bf4 Nc6 5. Nf3 Bb4+ 6. Nbd2 Qe7 7. h3 Ngxe5 8. Nxe5 Nxe5 9. a3 Nd3#,"Flament - Gedult, Paris 1970"
Opening (A52),Opening (A52),1. d4 Nf6 2. c4 e5 3. dxe5 Ng4 4. Bf4 g5 5. Bd2 Nxe5 6. e3 d6 7. Be2 Be6 8. Bc3 Nbc6 9. f4 gxf4 10. exf4,1. d4 Nf6 2. c4 e5 3. dxe5 Ng4 4. Bf4 g5 5. Bd2 Nxe5 6. e3 d6 7. Be2 Be6 8. Bc3 Nbc6 9. f4 gxf4 10. exf4,"Hertneck - Wunderer, Germany 1990"
Opening (B10),Opening (B10),1. e4 c6 2. Nc3 d5 3. f3 d4 4. Na4 e6 5. Ne2 b5,1. e4 c6 2. Nc3 d5 3. f3 d4 4. Na4 e6 5. Ne2 b5,"Hardrock - Wall, Bill, Internet 1997"
Opening (B10),Opening (B10),1. e4 c6 2. Nc3 d5 3. Nf3 dxe4 4. Nxe4 Nd7 5. Bc4 Ngf6 6. Neg5 e6 7. Qe2 Nb6 8. Ne5 Qd4 9. Nexf7 Rg8 10. Bxe6,1. e4 c6 2. Nc3 d5 3. Nf3 dxe4 4. Nxe4 Nd7 5. Bc4 Ngf6 6. Neg5 e6 7. Qe2 Nb6 8. Ne5 Qd4 9. Nexf7 Rg8 10. Bxe6,"Wisniewski - Halasiewwicz, Corr. 1993"
Opening (B10),Opening (B10),1. e4 c6 2. Nc3 d5 3. Nf3 dxe4 4. Nxe4 Nd7 5. Qe2 Ngf6 6. Nd6#,1. e4 c6 2. Nc3 d5 3. Nf3 dxe4 4. Nxe4 Nd7 5. Qe2 Ngf6 6. Nd6#,"Alekhine - NN, Palma de Mallorca 1935"
Opening (B10),Opening (B10),1. e4 c6 2. Nc3 d5 3. Nf3 dxe4 4. Nxe4 Nf6 5. Qe2 Nbd7 6. Nd6#,1. e4 c6 2. Nc3 d5 3. Nf3 dxe4 4. Nxe4 Nf6 5. Qe2 Nbd7 6. Nd6#,"Nisimura - Markovic, Lucerne 1982"
Opening (B10),Opening (B10),1. e4 c6 2. Nc3 d5 3. Nf3 dxe4 4. Nxe4 Nf6 5. Qe2 Bg4 6. g3 Nbd7 7. Nd6#,1. e4 c6 2. Nc3 d5 3. Nf3 dxe4 4. Nxe4 Nf6 5. Qe2 Bg4 6. g3 Nbd7 7. Nd6#,"Rota - Sarwer, Canada 1988"
Opening (B11),Opening (B11),1. e4 c6 2. Nc3 d5 3. Nf3 Bg4 4. h3 Bh5 5. Be2 Na6 6. exd5 cxd5 7. Bb5+,1. e4 c6 2. Nc3 d5 3. Nf3 Bg4 4. h3 Bh5 5. Be2 Na6 6. exd5 cxd5 7. Bb5+,"Podhraski - Zavec, Bled 1996"
Opening (B10),Opening (B10),1. e4 c6 2. Nc3 d5 3. Qf3 d4 4. Bc4 Nf6 5. e5 dxc3 6. exf6 g6 7. dxc3 Nd7 8. Bxf7+ Kxf7 9. fxe7+ Kxe7 10. Bg5+,1. e4 c6 2. Nc3 d5 3. Qf3 d4 4. Bc4 Nf6 5. e5 dxc3 6. exf6 g6 7. dxc3 Nd7 8. Bxf7+ Kxf7 9. fxe7+ Kxe7 10. Bg5+,"Dainauskas - Blecher, Siauliai 1980"
Opening (B10),Opening (B10),1. e4 c6 2. Nc3 d5 3. Qf3 dxe4 4. Nxe4 e5 5. Bc4 Nf6 6. Ng5 Bg4 7. Qb3,1. e4 c6 2. Nc3 d5 3. Qf3 dxe4 4. Nxe4 e5 5. Bc4 Nf6 6. Ng5 Bg4 7. Qb3,"Taylor - Angermann, Corr. 1986"
Opening (B10),Opening (B10),1. e4 c6 2. c4 d5 3. cxd5 cxd5 4. exd5 Nf6 5. Qa4+ Qd7 6. Bb5,1. e4 c6 2. c4 d5 3. cxd5 cxd5 4. exd5 Nf6 5. Qa4+ Qd7 6. Bb5,"Dubois - Coudray, Paris 1989"
Opening (B10),Opening (B10),1. e4 c6 2. c4 d5 3. cxd5 cxd5 4. exd5 Nf6 5. Bb5+ Bd7 6. Bc4 Qc7 7. Qb3 b5 8. d6 Qxc4,1. e4 c6 2. c4 d5 3. cxd5 cxd5 4. exd5 Nf6 5. Bb5+ Bd7 6. Bc4 Qc7 7. Qb3 b5 8. d6 Qxc4,"Spiel - Bramkamp, Dortmund 1991"
Opening (B10),Opening (B10),1. e4 c6 2. d3 d5 3. Nd2 g6 4. f4 Nh6 5. Ngf3 Ng4 6. Be2 Ne3,1. e4 c6 2. d3 d5 3. Nd2 g6 4. f4 Nh6 5. Ngf3 Ng4 6. Be2 Ne3,"Metzger - Brandon, USA 1989"
Opening (B15),Opening (B15),1. e4 c6 2. d4 d5 3. Nc3 dxe4 4. Bc4 Bf5 5. f3 exf3 6. Nxf3 e6 7. O-O Nf6 8. Ne5 h6 9. Rxf5 exf5 10. Nxf7,1. e4 c6 2. d4 d5 3. Nc3 dxe4 4. Bc4 Bf5 5. f3 exf3 6. Nxf3 e6 7. O-O Nf6 8. Ne5 h6 9. Rxf5 exf5 10. Nxf7,"Buerki - Plauth, San Bernadino 1992"
Opening (B18),Opening (B18),1. e4 c6 2. d4 d5 3. Nc3 dxe4 4. Nxe4 Bf5 5. Qe2 Nd7 6. Nd6#,1. e4 c6 2. d4 d5 3. Nc3 dxe4 4. Nxe4 Bf5 5. Qe2 Nd7 6. Nd6#,"Wall, Bill - Ferens, D., Dayton 1981"
Opening (B12),Opening (B12),1. e4 c6 2. d4 d5 3. Bd3 Nf6 4. e5 Nfd7 5. e6 fxe6 6. Qh5+ g6 7. Qxg6+ hxg6 8. Bxg6#,1. e4 c6 2. d4 d5 3. Bd3 Nf6 4. e5 Nfd7 5. e6 fxe6 6. Qh5+ g6 7. Qxg6+ hxg6 8. Bxg6#,"Damant - NN, London 1932"
Opening (B17),Opening (B17),1. e4 c6 2. d4 d5 3. Nc3 dxe4 4. Nxe4 Nd7 5. Nf3 Ngf6 6. Qe2 b5 7. Nd6#,1. e4 c6 2. d4 d5 3. Nc3 dxe4 4. Nxe4 Nd7 5. Nf3 Ngf6 6. Qe2 b5 7. Nd6#,"Smith - Tichenor, South Carolina 1982"
Opening (B17),Opening (B17),1. e4 c6 2. d4 d5 3. Nc3 dxe4 4. Nxe4 Nd7 5. Ng5 h6 6. Ne6 Qa5+ 7. Bd2 Qb6 8. Bd3 fxe6 9. Qh5+ Kd8 10. Ba5,1. e4 c6 2. d4 d5 3. Nc3 dxe4 4. Nxe4 Nd7 5. Ng5 h6 6. Ne6 Qa5+ 7. Bd2 Qb6 8. Bd3 fxe6 9. Qh5+ Kd8 10. Ba5,"Nunn, J. - Georgiev, Linares 1988"
Opening (B15),Opening (B15),1. e4 c6 2. d4 d5 3. Nc3 dxe4 4. Nxe4 Nf6 5. Nxf6+ exf6 6. Bc4 Qe7+ 7. Ne2 Qb4+,1. e4 c6 2. d4 d5 3. Nc3 dxe4 4. Nxe4 Nf6 5. Nxf6+ exf6 6. Bc4 Qe7+ 7. Ne2 Qb4+,"Sira - Konopkova, Russia 1994"
Opening (B15),Opening (B15),1. e4 c6 2. d4 d5 3. Nc3 dxe4 4. Nxe4 Nf6 5. Nxf6+ exf6 6. Bc4 Qe7+ 7. Qe2 Be6 8. Be3 Qb4+,1. e4 c6 2. d4 d5 3. Nc3 dxe4 4. Nxe4 Nf6 5. Nxf6+ exf6 6. Bc4 Qe7+ 7. Qe2 Be6 8. Be3 Qb4+,"Birr - Mammen, Eppingen 1988"
Opening (B15),Opening (B15),1. e4 c6 2. d4 d5 3. Nc3 dxe4 4. Nxe4 Nf6 5. Qd3 e5 6. dxe5 Qa5+ 7. Bd2 Qxe5 8. O-O-O Nxe4 9. Qd8+ Kxd8 10. Bg5+ Kc7 11. Bd8#,1. e4 c6 2. d4 d5 3. Nc3 dxe4 4. Nxe4 Nf6 5. Qd3 e5 6. dxe5 Qa5+ 7. Bd2 Qxe5 8. O-O-O Nxe4 9. Qd8+ Kxd8 10. Bg5+ Kc7 11. Bd8#,"Reti - Tartakower, Vienna 1910"
Opening (B13),Opening (B13),1. e4 c6 2. d4 d5 3. exd5 cxd5 4. c4 Nf6 5. Nc3 Nc6 6. Bg5 dxc4 7. Bxc4 Qxd4 8. Qxd4 Nxd4 9. O-O-O Nc6 10. Nb5,1. e4 c6 2. d4 d5 3. exd5 cxd5 4. c4 Nf6 5. Nc3 Nc6 6. Bg5 dxc4 7. Bxc4 Qxd4 8. Qxd4 Nxd4 9. O-O-O Nc6 10. Nb5,"Janko - Lumsdon, Disentis 1991"
Opening (B13),Opening (B13),1. e4 c6 2. d4 d5 3. exd5 cxd5 4. Bd3 Nf6 5. Bf4 Qb6 6. Nc3 e6 7. Nb5 Nc6 8. Bc7 Qa6 9. Nd6+ Bxd6 10. Bxa6,1. e4 c6 2. d4 d5 3. exd5 cxd5 4. Bd3 Nf6 5. Bf4 Qb6 6. Nc3 e6 7. Nb5 Nc6 8. Bc7 Qa6 9. Nd6+ Bxd6 10. Bxa6,"Pickett - Veatch, Las Vegas 1986"
Opening (B01),Opening (B01),1. e4 d5 2. exd5 Qxd5 3. Nc3 Qa5 4. Nf3 Bg4 5. h3 Bxf3 6. Qxf3 Nc6 7. Bb5 Qb6 8. Nd5 Qa5 9. b4 Qxb5 10. Nxc7+,1. e4 d5 2. exd5 Qxd5 3. Nc3 Qa5 4. Nf3 Bg4 5. h3 Bxf3 6. Qxf3 Nc6 7. Bb5 Qb6 8. Nd5 Qa5 9. b4 Qxb5 10. Nxc7+,"Wiesel - Weigel, Corr. 1923"
Opening (B01),Opening (B01),1. e4 d5 2. exd5 Qxd5 3. Nc3 Qa5 4. d4 Nf6 5. Bd2 Nc6 6. Bb5 Bd7 7. Nd5 Nb4 8. Bxb4,1. e4 d5 2. exd5 Qxd5 3. Nc3 Qa5 4. d4 Nf6 5. Bd2 Nc6 6. Bb5 Bd7 7. Nd5 Nb4 8. Bxb4,"Abrahams - Crothers, Oxford 1925"
Opening (B01),Opening (B01),1. e4 d5 2. exd5 Qxd5 3. Nc3 Qd6 4. d4 a6 5. Nge2 b5 6. Bf4 Qb6 7. Nd5,1. e4 d5 2. exd5 Qxd5 3. Nc3 Qd6 4. d4 a6 5. Nge2 b5 6. Bf4 Qb6 7. Nd5,"Korneev - Hettler, Europe 1993"
Opening (B01),Opening (B01),1. e4 d5 2. exd5 Qxd5 3. Nc3 Qd8 4. Bc4 e5 5. Qh5 g6 6. Qxe5+ Ne7 7. Qxh8,1. e4 d5 2. exd5 Qxd5 3. Nc3 Qd8 4. Bc4 e5 5. Qh5 g6 6. Qxe5+ Ne7 7. Qxh8,"Wall, Bill - Puke, Internet 1996"
Opening (B01),Opening (B01),1. e4 d5 2. exd5 Qxd5 3. Nc3 Qd8 4. Bc4 Nf6 5. Nf3 Bg4 6. Ne5 Bh5 7. Qxh5 Nxh5 8. Bxf7#,1. e4 d5 2. exd5 Qxd5 3. Nc3 Qd8 4. Bc4 Nf6 5. Nf3 Bg4 6. Ne5 Bh5 7. Qxh5 Nxh5 8. Bxf7#,"Balode - Sondore, Riga 1965"
Opening (B01),Opening (B01),1. e4 d5 2. exd5 Qxd5 3. Nc3 Qd8 4. d4 Nc6 5. Nf3 Bg4 6. d5 Ne5 7. Nxe5 Bxd1 8. Bb5+,1. e4 d5 2. exd5 Qxd5 3. Nc3 Qd8 4. d4 Nc6 5. Nf3 Bg4 6. d5 Ne5 7. Nxe5 Bxd1 8. Bb5+,"Mieses - Akvist, Europe 1895"
Opening (B01),Opening (B01),1. e4 d5 2. exd5 Qxd5 3. Nc3 Qe5+ 4. Be2 Bf5 5. Nf3 Qc5 6. d4 Qb6 7. O-O Nc6 8. Nd5 Qb5 9. Nxc7+,1. e4 d5 2. exd5 Qxd5 3. Nc3 Qe5+ 4. Be2 Bf5 5. Nf3 Qc5 6. d4 Qb6 7. O-O Nc6 8. Nd5 Qb5 9. Nxc7+,"Wall, Bill - LonelyMonkey, Internet 1996"
Opening (B01),Opening (B01),1. e4 d5 2. exd5 Qxd5 3. Nc3 Qe5+ 4. Be2 Bg4 5. f3 Bh5 6. Nb5 e6 7. d4,1. e4 d5 2. exd5 Qxd5 3. Nc3 Qe5+ 4. Be2 Bg4 5. f3 Bh5 6. Nb5 e6 7. d4,"Wall, Bill - Lovegren, R., Dayton 1980"
Opening (B01),Opening (B01),1. e4 d5 2. exd5 Qxd5 3. Nc3 Qe6+ 4. Be2 Nf6 5. Nb5 Nd5 6. c4 Qg6 7. cxd5 Qxg2 8. Bf3 Qg6 9. Nxc7+,1. e4 d5 2. exd5 Qxd5 3. Nc3 Qe6+ 4. Be2 Nf6 5. Nb5 Nd5 6. c4 Qg6 7. cxd5 Qxg2 8. Bf3 Qg6 9. Nxc7+,"Wall, Bill - Adams, R., San Antonio 1996"
Opening (B01),Opening (B01),1. e4 d5 2. exd5 Qxd5 3. Nf3 Bg4 4. Be2 Nc6 5. Nc3 Qa5 6. d4 e5 7. Nxe5 Bxe2 8. Nxc6 Qxc3+ 9. bxc3 Bxd1,1. e4 d5 2. exd5 Qxd5 3. Nf3 Bg4 4. Be2 Nc6 5. Nc3 Qa5 6. d4 e5 7. Nxe5 Bxe2 8. Nxc6 Qxc3+ 9. bxc3 Bxd1,"Zabrzeski - Angelov, Budapest 1967"
Opening (B01),Opening (B01),1. e4 d5 2. exd5 e6 3. dxe6 Bxe6 4. d4 Nf6 5. Nc3 Bd6 6. d5 Nxd5 7. Nxd5 Bxd5 8. Qxd5 Bb4+,1. e4 d5 2. exd5 e6 3. dxe6 Bxe6 4. d4 Nf6 5. Nc3 Bd6 6. d5 Nxd5 7. Nxd5 Bxd5 8. Qxd5 Bb4+,"Cagle - Wall, Bill, North Carolina 1976"
Opening (B01),Opening (B01),1. e4 d5 2. exd5 Nf6 3. Bb5+ Bd7 4. Bxd7+ Qxd7 5. Nc3 Nxd5 6. Nxd5 Qxd5 7. Qf3 Qc4 8. Qxb7 Qc6 9. Qc8#,1. e4 d5 2. exd5 Nf6 3. Bb5+ Bd7 4. Bxd7+ Qxd7 5. Nc3 Nxd5 6. Nxd5 Qxd5 7. Qf3 Qc4 8. Qxb7 Qc6 9. Qc8#,"Vann - Clemow, Plymouth 1989"
Opening (B01),Opening (B01),1. e4 d5 2. exd5 Nf6 3. Nc3 Nxd5 4. Bc4 Nxc3 5. Qf3 e6 6. Qxc3 Nc6 7. Nf3 h6 8. Bb5,1. e4 d5 2. exd5 Nf6 3. Nc3 Nxd5 4. Bc4 Nxc3 5. Qf3 e6 6. Qxc3 Nc6 7. Nf3 h6 8. Bb5,"Ourmet - Cierniak, Paris 1989"
Opening (B01),Opening (B01),1. e4 d5 2. exd5 Nf6 3. Nc3 e6 4. dxe6 Bxe6 5. d4 Bb4 6. Nf3 O-O 7. Bd2 Re8 8. Ng5 Bxc3 9. Bxc3 Bg4+ 10. Be2 Rxe2+,1. e4 d5 2. exd5 Nf6 3. Nc3 e6 4. dxe6 Bxe6 5. d4 Bb4 6. Nf3 O-O 7. Bd2 Re8 8. Ng5 Bxc3 9. Bxc3 Bg4+ 10. Be2 Rxe2+,"XFile - Wall, Bill, Internet 1997"
Opening (B01),Opening (B01),1. e4 d5 2. exd5 Nf6 3. d4 Nxd5 4. c4 Nb4 5. Qa4+ N8c6 6. a3 Na6 7. d5 Nc5 8. Qb5 e6 9. dxc6 b6 10. Ke2 a5,1. e4 d5 2. exd5 Nf6 3. d4 Nxd5 4. c4 Nb4 5. Qa4+ N8c6 6. a3 Na6 7. d5 Nc5 8. Qb5 e6 9. dxc6 b6 10. Ke2 a5,"Kelics - Simic, Corr. 1972"
Opening (B01),Opening (B01),1. e4 d5 2. exd5 Nf6 3. d4 Bg4 4. Be2 Qxd5 5. Bxg4 Qe4+ 6. Be2 Qxg2 7. Bf3,1. e4 d5 2. exd5 Nf6 3. d4 Bg4 4. Be2 Qxd5 5. Bxg4 Qe4+ 6. Be2 Qxg2 7. Bf3,"Lapshun - Gouret, New York 1992"
Opening (A06),Opening (A06),1. e4 d5 2. Nf3 dxe4 3. Ng5 Qd5 4. d3 exd3 5. Bxd3 Qxg2 6. Be4,1. e4 d5 2. Nf3 dxe4 3. Ng5 Qd5 4. d3 exd3 5. Bxd3 Qxg2 6. Be4,"Krejcik - Takacs, Vienna 1920"
Opening (C21),Opening (C21),1. e4 e5 2. d4 exd4 3. c3 dxc3 4. Nxc3 Nf6 5. Bc4 Nxe4 6. Bf4 Qe7 7. Nd5 Qd8 8. Nxc7+ Ke7 9. Qd5,1. e4 e5 2. d4 exd4 3. c3 dxc3 4. Nxc3 Nf6 5. Bc4 Nxe4 6. Bf4 Qe7 7. Nd5 Qd8 8. Nxc7+ Ke7 9. Qd5,"Wall, Bill - Duke, Internet 1977"
Opening (C21),Opening (C21),1. e4 e5 2. d4 exd4 3. c3 dxc3 4. Bc4 cxb2 5. Bxb2 d6 6. Nf3 Nf6 7. O-O Nbd7 8. e5 Nxe5 9. Nxe5 dxe5 10. Bxf7+ Ke7 11. Ba3+ Kxf7 12. Qxd8,1. e4 e5 2. d4 exd4 3. c3 dxc3 4. Bc4 cxb2 5. Bxb2 d6 6. Nf3 Nf6 7. O-O Nbd7 8. e5 Nxe5 9. Nxe5 dxe5 10. Bxf7+ Ke7 11. Ba3+ Kxf7 12. Qxd8,"Gibbs - Davie, England 1916"
Opening (C21),Opening (C21),1. e4 e5 2. d4 exd4 3. c3 dxc3 4. Bc4 cxb2 5. Bxb2 Qg5 6. Nf3 Qxg2 7. Bxf7+ Kxf7 8. Rg1 Qh3 9. Ng5+,1. e4 e5 2. d4 exd4 3. c3 dxc3 4. Bc4 cxb2 5. Bxb2 Qg5 6. Nf3 Qxg2 7. Bxf7+ Kxf7 8. Rg1 Qh3 9. Ng5+,"Wall, Bill - Van Guilder, Guam 1974"
Opening (C21),Opening (C21),1. e4 e5 2. d4 exd4 3. c3 d5 4. Qxd4 Nf6 5. Bg5 Be6 6. e5 h6 7. exf6 hxg5 8. fxg7,1. e4 e5 2. d4 exd4 3. c3 d5 4. Qxd4 Nf6 5. Bg5 Be6 6. e5 h6 7. exf6 hxg5 8. fxg7,"Kirby - Smith, Sunnyvale 1985"
Opening (C21),Opening (C21),1. e4 e5 2. d4 exd4 3. c3 d5 4. exd5 Qxd5 5. Nf3 Nc6 6. Nxd4 Nxd4 7. cxd4 Nf6 8. Nc3 Bb4 9. Qa4+,1. e4 e5 2. d4 exd4 3. c3 d5 4. exd5 Qxd5 5. Nf3 Nc6 6. Nxd4 Nxd4 7. cxd4 Nf6 8. Nc3 Bb4 9. Qa4+,"Smith - Cohn, Hanover 1902"
Opening (C21),Opening (C21),1. e4 e5 2. d4 exd4 3. Bc4 Nf6 4. Qe2 Qe7 5. e5 d5 6. exf6 Qxe2+ 7. Bxe2,1. e4 e5 2. d4 exd4 3. Bc4 Nf6 4. Qe2 Qe7 5. e5 d5 6. exf6 Qxe2+ 7. Bxe2,"Regan, N. - Kichinski, Sunnyvale 1988"
Opening (C21),Opening (C21),1. e4 e5 2. d4 exd4 3. Bc4 Nf6 4. e5 d5 5. Bb3 Ne4 6. Ne2 Bc5 7. f3 Qh4+ 8. g3 d3 9. gxh4 Bf2+ 10. Kf1 Bh3#,1. e4 e5 2. d4 exd4 3. Bc4 Nf6 4. e5 d5 5. Bb3 Ne4 6. Ne2 Bc5 7. f3 Qh4+ 8. g3 d3 9. gxh4 Bf2+ 10. Kf1 Bh3#,"Stevenson - Mariotti, Nottingham 1868"
Opening (C22),Opening (C22),1. e4 e5 2. d4 exd4 3. Qxd4 Nc6 4. Qa4 Qe7 5. Nc3 Nf6 6. Bg5 d5 7. O-O-O dxe4 8. Nxe4 Qxe4 9. Rd8+ Kxd8 10. Qxe4,1. e4 e5 2. d4 exd4 3. Qxd4 Nc6 4. Qa4 Qe7 5. Nc3 Nf6 6. Bg5 d5 7. O-O-O dxe4 8. Nxe4 Qxe4 9. Rd8+ Kxd8 10. Qxe4,"Wall, Bill - Davidson, D., Hickory 1975"
Opening (C22),Opening (C22),1. e4 e5 2. d4 exd4 3. Qxd4 Nc6 4. Qa4 Nf6 5. Nc3 d5 6. Bg5 dxe4 7. Nxe4 Qe7 8. O-O-O Qxe4 9. Rd8+ Kxd8 10. Qxe4,1. e4 e5 2. d4 exd4 3. Qxd4 Nc6 4. Qa4 Nf6 5. Nc3 d5 6. Bg5 dxe4 7. Nxe4 Qe7 8. O-O-O Qxe4 9. Rd8+ Kxd8 10. Qxe4,"Bronstein - NN, Sochi 1950"
Opening (C22),Opening (C22),1. e4 e5 2. d4 exd4 3. Qxd4 Nc6 4. Qc3 Bb4,1. e4 e5 2. d4 exd4 3. Qxd4 Nc6 4. Qc3 Bb4,"Memo - Wall, Bill, Internet 1996"
Opening (C22),Opening (C22),1. e4 e5 2. d4 exd4 3. Qxd4 Nc6 4. Qe3 Nf6 5. Bc4 Ne5 6. Bb3 Bb4+ 7. c3 Bc5 8. Qg3 Bxf2+ 9. Kxf2 Nxe4+,1. e4 e5 2. d4 exd4 3. Qxd4 Nc6 4. Qe3 Nf6 5. Bc4 Ne5 6. Bb3 Bb4+ 7. c3 Bc5 8. Qg3 Bxf2+ 9. Kxf2 Nxe4+,"NN - Leonhardt, Leipzig 1903"
Opening (C21),Opening (C21),1. e4 e5 2. d4 exd4 3. Qxd4 Qf6 4. Qe3 Nh6 5. Nc3 Ng4 6. Nd5 Qc6 7. Qf4 d6 8. Bb5 Qxb5 9. Nxc7+,1. e4 e5 2. d4 exd4 3. Qxd4 Qf6 4. Qe3 Nh6 5. Nc3 Ng4 6. Nd5 Qc6 7. Qf4 d6 8. Bb5 Qxb5 9. Nxc7+,"Barnett - Eastwood, Corr. 1949"
Opening (C20),Opening (C20),1. e4 e5 2. d4 d5 3. Nc3 exd4 4. Qxd4 dxe4 5. Nd5 c6 6. Qe5+ Kd7 7. Qf5+ Kd6 8. Bf4+ Kc5 9. b4+ Kd4 10. c3#,1. e4 e5 2. d4 d5 3. Nc3 exd4 4. Qxd4 dxe4 5. Nd5 c6 6. Qe5+ Kd7 7. Qf5+ Kd6 8. Bf4+ Kc5 9. b4+ Kd4 10. c3#,"Sas - NN, Sambor 1904"
Opening (C20),Opening (C20),1. e4 e5 2. d4 d6 3. c3 Bd7 4. Bc4 Nf6 5. Qb3 Qe7 6. Qxb7 Bc6 7. Qc8+ Qd8 8. Bxf7+ Ke7 9. Qe6#,1. e4 e5 2. d4 d6 3. c3 Bd7 4. Bc4 Nf6 5. Qb3 Qe7 6. Qxb7 Bc6 7. Qc8+ Qd8 8. Bxf7+ Ke7 9. Qe6#,"Steinitz - NN, New York 1890"
Opening (C20),Opening (C20),1. e4 e5 2. d4 f6 3. dxe5 fxe5 4. Qh5+ g6 5. Qxe5+ Ne7 6. Qxh8,1. e4 e5 2. d4 f6 3. dxe5 fxe5 4. Qh5+ g6 5. Qxe5+ Ne7 6. Qxh8,"Wall, Bill - Kay, Internet 1996"
Opening (A00),Opening (A00),1. Nc3 d5 2. e4 d4 3. Nd5 f5 4. Bc4 fxe4 5. Qh5+ g6 6. Qe5 c6 7. Nc7+ Kd7 8. Be6#,1. Nc3 d5 2. e4 d4 3. Nd5 f5 4. Bc4 fxe4 5. Qh5+ g6 6. Qe5 c6 7. Nc7+ Kd7 8. Be6#,"Harding - NN, London 1974"
Opening (A00),Opening (A00),1. Nc3 d5 2. e4 d4 3. Nce2 c5 4. Ng3 e5 5. Nf3 Bg4 6. Bc4 f6 7. Nxe5 Bxd1 8. Bf7+ Ke7 9. Nf5#,1. Nc3 d5 2. e4 d4 3. Nce2 c5 4. Ng3 e5 5. Nf3 Bg4 6. Bc4 f6 7. Nxe5 Bxd1 8. Bf7+ Ke7 9. Nf5#,"Moody - Bender, Corr. 1977"
Opening (A00),Opening (A00),1. Nc3 d5 2. e4 dxe4 3. Bc4 Nf6 4. f3 Bf5 5. g4 Bg6 6. g5 exf3 7. Qxf3 Qd4 8. Qxb7 Ng4 9. Qxa8 Qf2+ 10. Kd1 Ne3+ 11. dxe3 Bxc2#,1. Nc3 d5 2. e4 dxe4 3. Bc4 Nf6 4. f3 Bf5 5. g4 Bg6 6. g5 exf3 7. Qxf3 Qd4 8. Qxb7 Ng4 9. Qxa8 Qf2+ 10. Kd1 Ne3+ 11. dxe3 Bxc2#,"Aasum - Frenzel, Germany 1989"
Opening (A00),Opening (A00),1. Nc3 d5 2. e4 dxe4 3. Nxe4 Nd7 4. Bc4 Ngf6 5. Ng5 e6 6. Qe2 Be7 7. Nxf7 Kxf7 8. Qxe6+,1. Nc3 d5 2. e4 dxe4 3. Nxe4 Nd7 4. Bc4 Ngf6 5. Ng5 e6 6. Qe2 Be7 7. Nxf7 Kxf7 8. Qxe6+,"Myers - Savon, New York 1959"
Opening (A00),Opening (A00),1. Nc3 d5 2. e4 dxe4 3. Nxe4 e5 4. Bc4 Be7 5. Qh5 Nh6 6. d3,1. Nc3 d5 2. e4 dxe4 3. Nxe4 e5 4. Bc4 Be7 5. Qh5 Nh6 6. d3,"Van Geet - Sande, Corr. 1982"
Opening (A00),Opening (A00),1. Nc3 d5 2. e4 dxe4 3. Nxe4 e5 4. Bc4 Bf5 5. Qf3 Qd7 6. Ng5 Nc6 7. Bxf7+ Kd8 8. Be6 Bxe6 9. Qxf8+ Qe8 10. Nxe6+,1. Nc3 d5 2. e4 dxe4 3. Nxe4 e5 4. Bc4 Bf5 5. Qf3 Qd7 6. Ng5 Nc6 7. Bxf7+ Kd8 8. Be6 Bxe6 9. Qxf8+ Qe8 10. Nxe6+,"Goldberg - Lewin, South Africa 1982"
Opening (A00),Opening (A00),1. Nc3 d5 2. e4 dxe4 3. Nxe4 e5 4. Nf3 Bg4 5. h3 Bxf3 6. Qxf3 Be7 7. Bc4 Nh6 8. d3 g5 9. Qh5 Ng8 10. Qxf7+ Kd7 11. Nc5+,1. Nc3 d5 2. e4 dxe4 3. Nxe4 e5 4. Nf3 Bg4 5. h3 Bxf3 6. Qxf3 Be7 7. Bc4 Nh6 8. d3 g5 9. Qh5 Ng8 10. Qxf7+ Kd7 11. Nc5+,"Myers - Meifert, Racine 1955"
Opening (A80),Opening (A80),1. d4 f5 2. Nc3 Nf6 3. Nf3 e6 4. e3 Bb4 5. Bb5 c6 6. Ba4 Ne4 7. Qe2 Nxc3 8. bxc3 Bxc3+,1. d4 f5 2. Nc3 Nf6 3. Nf3 e6 4. e3 Bb4 5. Bb5 c6 6. Ba4 Ne4 7. Qe2 Nxc3 8. bxc3 Bxc3+,"MacKid - Wall, Bill, Internet 1996"
Opening (A80),Opening (A80),1. d4 f5 2. Nc3 Nf6 3. Bg5 d5 4. Bxf6 exf6 5. e3 c6 6. Bd3 Qb6 7. a3 Qxb2 8. Na4,1. d4 f5 2. Nc3 Nf6 3. Bg5 d5 4. Bxf6 exf6 5. e3 c6 6. Bd3 Qb6 7. a3 Qxb2 8. Na4,"Vaiser - Mutzner, Mendrisio 1988"
Opening (A80),Opening (A80),1. d4 f5 2. Nc3 Nf6 3. Bg5 h6 4. Bxf6 exf6 5. e4 Bb4 6. Qh5+ Kf8 7. Bc4 Qe7 8. Nge2 fxe4 9. O-O-O c6 10. Nf4,1. d4 f5 2. Nc3 Nf6 3. Bg5 h6 4. Bxf6 exf6 5. e4 Bb4 6. Qh5+ Kf8 7. Bc4 Qe7 8. Nge2 fxe4 9. O-O-O c6 10. Nf4,"Wall, Bill - McKone, P., Palo Alto 1989"
Opening (A85),Opening (A85),1. d4 f5 2. c4 Nf6 3. Nc3 g6 4. h4 Bg7 5. h5 Nxh5 6. e4 e6 7. exf5 exf5 8. Rxh5 gxh5 9. Qxh5+ Kf8 10. Nd5 h6 11. Qxf5+ Kg8 12. Qe4 Kf7 13. Be2 Rf8 14. Bxh6 Bxh6 15. Qh7+,1. d4 f5 2. c4 Nf6 3. Nc3 g6 4. h4 Bg7 5. h5 Nxh5 6. e4 e6 7. exf5 exf5 8. Rxh5 gxh5 9. Qxh5+ Kf8 10. Nd5 h6 11. Qxf5+ Kg8 12. Qe4 Kf7 13. Be2 Rf8 14. Bxh6 Bxh6 15. Qh7+,"Piket - Klip, Netherlands 1993"
Opening (A80),Opening (A80),1. d4 f5 2. Be3 Nf6 3. Qd3 e6 4. Bg5 c5 5. dxc5 Bxc5 6. g3 Qb6 7. Be3 Qxb2 8. Qc3 Bb4,1. d4 f5 2. Be3 Nf6 3. Qd3 e6 4. Bg5 c5 5. dxc5 Bxc5 6. g3 Qb6 7. Be3 Qxb2 8. Qc3 Bb4,"Hamlet - Wall, Bill, Internet 1997"
Opening (A82),Opening (A82),1. d4 f5 2. e4 d6 3. c4 Nf6 4. Nc3 b6 5. exf5 Bxf5 6. Qf3 c6 7. Qxf5,1. d4 f5 2. e4 d6 3. c4 Nf6 4. Nc3 b6 5. exf5 Bxf5 6. Qf3 c6 7. Qxf5,"Jorgensen - Jensen, Denmark 1988"
Opening (A82),Opening (A82),1. d4 f5 2. e4 fxe4 3. Nc3 e5 4. Qh5+ g6 5. Qxe5+ Qe7 6. Qxh8,1. d4 f5 2. e4 fxe4 3. Nc3 e5 4. Qh5+ g6 5. Qxe5+ Qe7 6. Qxh8,"Wall, Bill - McKone, P., Palo Alto 1989"
Opening (A82),Opening (A82),1. d4 f5 2. e4 fxe4 3. Nc3 Nf6 4. g4 h6 5. f4 d5 6. Be2 a6 7. g5 Nfd7 8. Bh5+ g6 9. Bxg6#,1. d4 f5 2. e4 fxe4 3. Nc3 Nf6 4. g4 h6 5. f4 d5 6. Be2 a6 7. g5 Nfd7 8. Bh5+ g6 9. Bxg6#,"Wall, Bill - Macho, Internet 1996"
Opening (A83),Opening (A83),1. d4 f5 2. e4 fxe4 3. Nc3 Nf6 4. Bg5 h6 5. Bxf6 exf6 6. Qh5+ Ke7 7. Bc4 Nc6 8. Qf7+ Kd6 9. Nxe4#,1. d4 f5 2. e4 fxe4 3. Nc3 Nf6 4. Bg5 h6 5. Bxf6 exf6 6. Qh5+ Ke7 7. Bc4 Nc6 8. Qf7+ Kd6 9. Nxe4#,"Krongraf - Monsehr, Corr. 1989"
Opening (A82),Opening (A82),1. d4 f5 2. e4 g6 3. exf5 gxf5 4. Qh5#,1. d4 f5 2. e4 g6 3. exf5 gxf5 4. Qh5#,"Welling - Braamkolk, Netherlands 1990"
Opening (A80),Opening (A80),1. d4 f5 2. g4 fxg4 3. h3 Nf6 4. hxg4 Nxg4 5. Qd3 Nf6 6. Rxh7,1. d4 f5 2. g4 fxg4 3. h3 Nf6 4. hxg4 Nxg4 5. Qd3 Nf6 6. Rxh7,"Zilbermints - Ash, New York 1991"
Opening (A80),Opening (A80),1. d4 f5 2. Bg5 c6 3. Nc3 d5 4. e4 dxe4 5. Bc4 g6 6. f3 Bg7 7. fxe4 Bxd4 8. Qd2 Bf6 9. Bf7+ Kxf7 10. Qxd8,1. d4 f5 2. Bg5 c6 3. Nc3 d5 4. e4 dxe4 5. Bc4 g6 6. f3 Bg7 7. fxe4 Bxd4 8. Qd2 Bf6 9. Bf7+ Kxf7 10. Qxd8,"Carlson - Jones, England 1995"
Opening (A80),Opening (A80),1. d4 f5 2. Bg5 g6 3. Nc3 Nh6 4. e4 Nf7 5. h4 Nxg5 6. hxg5 d6 7. exf5 Bxf5 8. g4 Bd7 9. Bd3 Bg7 10. Rxh7,1. d4 f5 2. Bg5 g6 3. Nc3 Nh6 4. e4 Nf7 5. h4 Nxg5 6. hxg5 d6 7. exf5 Bxf5 8. g4 Bd7 9. Bd3 Bg7 10. Rxh7,"Gazarek - Krumpak, Ljubljana 1995"
Opening (A80),Opening (A80),1. d4 f5 2. Bg5 h6 3. Bh4 g5 4. Bg3 f4 5. e3 h5 6. Bd3 Rh6 7. Qxh5+ Rxh5 8. Bg6#,1. d4 f5 2. Bg5 h6 3. Bh4 g5 4. Bg3 f4 5. e3 h5 6. Bd3 Rh6 7. Qxh5+ Rxh5 8. Bg6#,"Teed - Delmar, New York 1896"
Opening (A34),Opening (A34),1. c4 c5 2. Nc3 e5 3. e3 Ne7 4. Nb5 d5 5. Qa4 Bd7 6. Nd6#,1. c4 c5 2. Nc3 e5 3. e3 Ne7 4. Nb5 d5 5. Qa4 Bd7 6. Nd6#,"Corneliussen - Jensen, Denmark 1991"
Opening (A34),Opening (A34),1. c4 c5 2. Nc3 e6 3. Nf3 Ne7 4. Ne4 f5 5. Nd6#,1. c4 c5 2. Nc3 e6 3. Nf3 Ne7 4. Ne4 f5 5. Nd6#,"Fraenkell - NN, Helsinki 1934"
Opening (A30),Opening (A30),1. c4 c5 2. d4 cxd4 3. Nf3 e5 4. Nxe5 Qa5+,1. c4 c5 2. d4 cxd4 3. Nf3 e5 4. Nxe5 Qa5+,"Combe - Hasenfuss, Folkestone 1933"
Opening (A30),Opening (A30),1. c4 c5 2. Nf3 Nc6 3. d4 cxd4 4. Nxd4 g6 5. b3 Bg7 6. Bb2 Nxd4 7. Bxd4 Qa5+ 8. Nc3 Qxc3+ 9. Bxc3 Bxc3+ 10. Qd2 Bxd2+,1. c4 c5 2. Nf3 Nc6 3. d4 cxd4 4. Nxd4 g6 5. b3 Bg7 6. Bb2 Nxd4 7. Bxd4 Qa5+ 8. Nc3 Qxc3+ 9. Bxc3 Bxc3+ 10. Qd2 Bxd2+,"Panzalovic - Dancevski, Europe 1990"
Opening (A10),Opening (A10),1. c4 d5 2. cxd5 Nf6 3. e4 Nxe4 4. Qa4+,1. c4 d5 2. cxd5 Nf6 3. e4 Nxe4 4. Qa4+,"Lehmann - Schulz, Berlin 1950"
Opening (A27),Opening (A27),1. c4 e5 2. Nc3 Nc6 3. Nf3 f5 4. d4 e4 5. Bg5 Nf6 6. d5 exf3 7. dxc6 fxg2 8. cxd7+ Nxd7 9. Bxd8 gxh1=Q,1. c4 e5 2. Nc3 Nc6 3. Nf3 f5 4. d4 e4 5. Bg5 Nf6 6. d5 exf3 7. dxc6 fxg2 8. cxd7+ Nxd7 9. Bxd8 gxh1=Q,"Doroshkievich - Tukmakov, Riga 1970"
Opening (A27),Opening (A27),1. c4 e5 2. Nc3 Nc6 3. Nf3 g6 4. d4 exd4 5. Nd5 h6 6. Nxd4 Bg7 7. Bf4 d6 8. Nb5 Bxb2 9. Nbxc7+,1. c4 e5 2. Nc3 Nc6 3. Nf3 g6 4. d4 exd4 5. Nd5 h6 6. Nxd4 Bg7 7. Bf4 d6 8. Nb5 Bxb2 9. Nbxc7+,"Petek - Ptacnikova, Czechoslovakia 1995"
Opening (A25),Opening (A25),1. c4 e5 2. Nc3 Nc6 3. g3 Nf6 4. Bg2 Bb4 5. Nd5 Nxd5 6. cxd5 Nd4 7. e3 Nf5 8. Qg4,1. c4 e5 2. Nc3 Nc6 3. g3 Nf6 4. Bg2 Bb4 5. Nd5 Nxd5 6. cxd5 Nd4 7. e3 Nf5 8. Qg4,"Kaprinay - Hubner, H., Corr. 1926"
Opening (A22),Opening (A22),1. c4 e5 2. Nc3 Nf6 3. d3 b6 4. b3 Bb7 5. Bb2 Bc5 6. Nd5 Nxd5 7. cxd5 Bxd5 8. Bxe5 Bb4+,1. c4 e5 2. Nc3 Nf6 3. d3 b6 4. b3 Bb7 5. Bb2 Bc5 6. Nd5 Nxd5 7. cxd5 Bxd5 8. Bxe5 Bb4+,"Mason, B. - Wall, Bill, Palo Alto 1990"
Opening (A28),Opening (A28),1. c4 e5 2. Nc3 Nf6 3. Nf3 Nc6 4. d4 exd4 5. Nxd4 Bb4 6. Bg5 h6 7. Bh4 Ne4 8. Bxd8 Nxc3 9. Nxc6 Nxd1+ 10. Nxb4,1. c4 e5 2. Nc3 Nf6 3. Nf3 Nc6 4. d4 exd4 5. Nxd4 Bb4 6. Bg5 h6 7. Bh4 Ne4 8. Bxd8 Nxc3 9. Nxc6 Nxd1+ 10. Nxb4,"Muller - Duchamp, M., The Hague 1928"
Opening (A29),Opening (A29),1. c4 e5 2. Nc3 Nf6 3. Nf3 Nc6 4. g3 Bb4 5. Nd5 Nxd5 6. cxd5 e4 7. dxc6 exf3 8. Qb3,1. c4 e5 2. Nc3 Nf6 3. Nf3 Nc6 4. g3 Bb4 5. Nd5 Nxd5 6. cxd5 e4 7. dxc6 exf3 8. Qb3,"Petrosian - Ree, Wijk aan Zee 1971"
Opening (A22),Opening (A22),1. c4 e5 2. Nc3 Nf6 3. Nf3 e4 4. Ng5 Be7 5. Ngxe4 d5 6. Nxf6+ Bxf6 7. Nxd5 O-O 8. e3 b5 9. Qf3 Bb7 10. Nxf6+,1. c4 e5 2. Nc3 Nf6 3. Nf3 e4 4. Ng5 Be7 5. Ngxe4 d5 6. Nxf6+ Bxf6 7. Nxd5 O-O 8. e3 b5 9. Qf3 Bb7 10. Nxf6+,"Wall, Bill - XFile, Internet 1997"
Opening (A23),Opening (A23),1. c4 e5 2. Nc3 Nf6 3. g3 c6 4. d3 d5 5. Bg5 d4 6. Ne4 Nxe4 7. Bxd8 Bb4+ 8. Qd2 Bxd2+ 9. Kd1 Kxd8,1. c4 e5 2. Nc3 Nf6 3. g3 c6 4. d3 d5 5. Bg5 d4 6. Ne4 Nxe4 7. Bxd8 Bb4+ 8. Qd2 Bxd2+ 9. Kd1 Kxd8,"Molero - Lootsma, Stockholm 1980"
Opening (A22),Opening (A22),1. c4 e5 2. Nc3 Nf6 3. g3 Bc5 4. Bg2 d6 5. e3 Nc6 6. Nge2 Be6 7. Nd5 Nb4 8. Nxb4 Bxb4 9. Qa4+,1. c4 e5 2. Nc3 Nf6 3. g3 Bc5 4. Bg2 d6 5. e3 Nc6 6. Nge2 Be6 7. Nd5 Nb4 8. Nxb4 Bxb4 9. Qa4+,"Kaprinay - Hubner, Corr. 1926"
Opening (A10),Opening (A10),1. c4 d6 2. Nf3 Bg4 3. Qb3 Qc8 4. h3 Bh5 5. Qb5+,1. c4 d6 2. Nf3 Bg4 3. Qb3 Qc8 4. h3 Bh5 5. Qb5+,"Schmitt - Pribyl, Altenssteig 1990"
Opening (A16),Opening (A16),1. c4 Nf6 2. Nc3 d5 3. d4 Bf5 4. Qb3 Nc6 5. cxd5 Nxd4 6. Qa4+,1. c4 Nf6 2. Nc3 d5 3. d4 Bf5 4. Qb3 Nc6 5. cxd5 Nxd4 6. Qa4+,"Knopp - Koebele, Europe 1992"
Opening (A16),Opening (A16),1. c4 Nf6 2. Nc3 d5 3. cxd5 Nxd5 4. g3 Nxc3 5. bxc3 e6 6. Bg2 Be7 7. Rb1 O-O 8. Bxb7 Bxb7 9. Rxb7 Qd5,1. c4 Nf6 2. Nc3 d5 3. cxd5 Nxd5 4. g3 Nxc3 5. bxc3 e6 6. Bg2 Be7 7. Rb1 O-O 8. Bxb7 Bxb7 9. Rxb7 Qd5,"Brooks, R. - Wall, Bill, Thailand 1974"
Opening (A18),Opening (A18),1. c4 Nf6 2. Nc3 e6 3. e4 Nc6 4. Nge2 b6 5. g3 Ne5 6. d4 Nf3#,1. c4 Nf6 2. Nc3 e6 3. e4 Nc6 4. Nge2 b6 5. g3 Ne5 6. d4 Nf3#,"Mantia, A. - Trogdon, T., Dayton 1979"
Opening (A15),Opening (A15),1. c4 Nf6 2. f4 e6 3. d3 Bc5 4. Nf3 O-O 5. b3 Ng4 6. h3 Bf2+ 7. Kd2 Ne3,1. c4 Nf6 2. f4 e6 3. d3 Bc5 4. Nf3 O-O 5. b3 Ng4 6. h3 Bf2+ 7. Kd2 Ne3,"Rodman - Wall, Bill, Internet 1996"
Opening (A40),Opening (A40),1. d4 e5 2. dxe5 Nc6 3. Nf3 d5 4. exd6 Bxd6 5. Nc3 Nf6 6. Bg5 Bf5 7. Nd5 Bb4+ 8. Nxb4 Nxb4 9. Nd4 Qxd4 10. Qxd4 Nxc2+,1. d4 e5 2. dxe5 Nc6 3. Nf3 d5 4. exd6 Bxd6 5. Nc3 Nf6 6. Bg5 Bf5 7. Nd5 Bb4+ 8. Nxb4 Nxb4 9. Nd4 Qxd4 10. Qxd4 Nxc2+,"Buntin, L. - Bloodgood, C., Corr. 1976"
Opening (A40),Opening (A40),1. d4 e5 2. dxe5 Nc6 3. Nf3 Qe7 4. c3 Nxe5 5. Bd2 Nd3#,1. d4 e5 2. dxe5 Nc6 3. Nf3 Qe7 4. c3 Nxe5 5. Bd2 Nd3#,"Bronnum - San Marco, Bagneux 1985"
Opening (A40),Opening (A40),1. d4 e5 2. dxe5 Nc6 3. Nf3 Qe7 4. Nc3 Nxe5 5. Nxe5 Qxe5 6. Nd5 Qd6 7. Bf4,1. d4 e5 2. dxe5 Nc6 3. Nf3 Qe7 4. Nc3 Nxe5 5. Nxe5 Qxe5 6. Nd5 Qd6 7. Bf4,"Kirste - Plath, Corr. 1987"
Opening (A40),Opening (A40),1. d4 e5 2. dxe5 Nc6 3. Nf3 Qe7 4. Nbd2 Nxe5 5. c3 Nd3#,1. d4 e5 2. dxe5 Nc6 3. Nf3 Qe7 4. Nbd2 Nxe5 5. c3 Nd3#,"Bohmann - Ulfheden, Sweden 1938"
Opening (A40),Opening (A40),1. d4 e5 2. dxe5 Nc6 3. Nf3 Qe7 4. Qd5 h6 5. Nc3 g5 6. Nb5 Qd8 7. Bd2 Nge7 8. Qd6 Bg7 9. Nxc7+ Kf8 10. Nxa8,1. d4 e5 2. dxe5 Nc6 3. Nf3 Qe7 4. Qd5 h6 5. Nc3 g5 6. Nb5 Qd8 7. Bd2 Nge7 8. Qd6 Bg7 9. Nxc7+ Kf8 10. Nxa8,"Bouttier - Charrier, France 1792"
Opening (A40),Opening (A40),1. d4 e5 2. dxe5 Nc6 3. Nf3 Qe7 4. Bf4 Qb4+ 5. Qd2 Qxb2 6. Qc3 Bb4,1. d4 e5 2. dxe5 Nc6 3. Nf3 Qe7 4. Bf4 Qb4+ 5. Qd2 Qxb2 6. Qc3 Bb4,"Schatzle - Batchis, New Jersey 1987"
Opening (A40),Opening (A40),1. d4 e5 2. dxe5 Nc6 3. Nf3 Qe7 4. Bf4 Qb4+ 5. Bd2 Qxb2 6. Bc3 Bb4 7. Qd2 Bxc3 8. Qxc3 Qc1#,1. d4 e5 2. dxe5 Nc6 3. Nf3 Qe7 4. Bf4 Qb4+ 5. Bd2 Qxb2 6. Bc3 Bb4 7. Qd2 Bxc3 8. Qxc3 Qc1#,"Silbermann - Honich, Czernowitz 1930"
Opening (A40),Opening (A40),1. d4 e5 2. dxe5 Nc6 3. Nf3 f6 4. Bf4 fxe5 5. Nxe5 Qf6 6. Nxc6 dxc6 7. Bc1 Bg4 8. h3 Rd8 9. Nd2 Bc5 10. f3 Qh4+ 11. g3 Qxg3#,1. d4 e5 2. dxe5 Nc6 3. Nf3 f6 4. Bf4 fxe5 5. Nxe5 Qf6 6. Nxc6 dxc6 7. Bc1 Bg4 8. h3 Rd8 9. Nd2 Bc5 10. f3 Qh4+ 11. g3 Qxg3#,"Roughman - Gedult, France 1968"
Opening (C51),Opening (C51),1. e4 e5 2. Nf3 Nc6 3. Bc4 Bc5 4. b4 Bxb4 5. c3 Bc5 6. d4 exd4 7. cxd4 Bb6 8. d5 Qf6 9. e5 Nxe5 10. Nxe5 Qxf2#,1. e4 e5 2. Nf3 Nc6 3. Bc4 Bc5 4. b4 Bxb4 5. c3 Bc5 6. d4 exd4 7. cxd4 Bb6 8. d5 Qf6 9. e5 Nxe5 10. Nxe5 Qxf2#,"Marshall - Marvin, Internet 1995"
Opening (C51),Opening (C51),1. e4 e5 2. Nf3 Nc6 3. Bc4 Bc5 4. b4 Bxb4 5. c3 Bc5 6. O-O Nf6 7. d4 Bb6 8. dxe5 Nxe4 9. Qd5,1. e4 e5 2. Nf3 Nc6 3. Bc4 Bc5 4. b4 Bxb4 5. c3 Bc5 6. O-O Nf6 7. d4 Bb6 8. dxe5 Nxe4 9. Qd5,"Wall, Bill - Shameson, Mountain View, CA 1986"
Opening (C51),Opening (C51),1. e4 e5 2. Nf3 Nc6 3. Bc4 Bc5 4. b4 Bxb4 5. c3 Bc5 6. O-O Nf6 7. d4 exd4 8. cxd4 Be7 9. e5 Na5 10. exf6 Bxf6 11. Qe1+,1. e4 e5 2. Nf3 Nc6 3. Bc4 Bc5 4. b4 Bxb4 5. c3 Bc5 6. O-O Nf6 7. d4 exd4 8. cxd4 Be7 9. e5 Na5 10. exf6 Bxf6 11. Qe1+,"Wall, Bill - TrickyKnight, Internet 1997"
Opening (C51),Opening (C51),1. e4 e5 2. Nf3 Nc6 3. Bc4 Bc5 4. b4 Bxb4 5. c3 Be7 6. d4 Na5 7. Be2 Nf6 8. dxe5 Nxe4 9. Qa4,1. e4 e5 2. Nf3 Nc6 3. Bc4 Bc5 4. b4 Bxb4 5. c3 Be7 6. d4 Na5 7. Be2 Nf6 8. dxe5 Nxe4 9. Qa4,"Kiltii - Meskanen, Helsinki 1996"
Opening (C51),Opening (C51),1. e4 e5 2. Nf3 Nc6 3. Bc4 Bc5 4. b4 Bxb4 5. c3 Be7 6. d4 d6 7. Qb3 Kf8 8. Bxf7 g6 9. Bxg8 Rxg8 10. Bh6+,1. e4 e5 2. Nf3 Nc6 3. Bc4 Bc5 4. b4 Bxb4 5. c3 Be7 6. d4 d6 7. Qb3 Kf8 8. Bxf7 g6 9. Bxg8 Rxg8 10. Bh6+,"Gurack - Koerner, Cattolica 1993"
Opening (C51),Opening (C51),1. e4 e5 2. Nf3 Nc6 3. Bc4 Bc5 4. b4 Bxb4 5. c3 Be7 6. d4 d6 7. Qb3 Nh6 8. Bxh6 gxh6 9. Bxf7+ Kf8 10. Bh5,1. e4 e5 2. Nf3 Nc6 3. Bc4 Bc5 4. b4 Bxb4 5. c3 Be7 6. d4 d6 7. Qb3 Nh6 8. Bxh6 gxh6 9. Bxf7+ Kf8 10. Bh5,"Fischer, Robert - Chaney, Houston 1964"
Opening (C48),Opening (C48),1. e4 e5 2. Nf3 Nc6 3. Nc3 Nf6 4. Bb5 Nd4 5. Bc4 Nxe4 6. Bxf7+ Kxf7 7. Nxe4 Nxf3+ 8. Qxf3+ Kg8 9. Ng5 Qf6 10. Qd5+,1. e4 e5 2. Nf3 Nc6 3. Nc3 Nf6 4. Bb5 Nd4 5. Bc4 Nxe4 6. Bxf7+ Kxf7 7. Nxe4 Nxf3+ 8. Qxf3+ Kg8 9. Ng5 Qf6 10. Qd5+,"Jowett - McDonald, London 1885"
Opening (C48),Opening (C48),1. e4 e5 2. Nf3 Nc6 3. Nc3 Nf6 4. Bb5 Nd4 5. Nxe5 Qe7 6. f4 Nxb5 7. Nxb5 d6 8. Nd3 Bg4,1. e4 e5 2. Nf3 Nc6 3. Nc3 Nf6 4. Bb5 Nd4 5. Nxe5 Qe7 6. f4 Nxb5 7. Nxb5 d6 8. Nd3 Bg4,"NN - Van Mil, Eindhoven 1973"
Opening (C47),Opening (C47),1. e4 e5 2. Nf3 Nc6 3. Nc3 Nf6 4. d4 Bb4 5. d5 Ne7 6. Nxe5 Nxe4 7. Qd4 Bxc3+ 8. bxc3 Nf6 9. Bg5 Ng6 10. Ng4,1. e4 e5 2. Nf3 Nc6 3. Nc3 Nf6 4. d4 Bb4 5. d5 Ne7 6. Nxe5 Nxe4 7. Qd4 Bxc3+ 8. bxc3 Nf6 9. Bg5 Ng6 10. Ng4,"Tarrasch - Simonson, Berlin 1887"
Opening (C47),Opening (C47),1. e4 e5 2. Nf3 Nc6 3. Nc3 Nf6 4. d4 exd4 5. Nxd4 Bc5 6. Be3 Nxd4 7. Bxd4 Qe7 8. Be2 O-O 9. e5 Ne8 10. Nd5,1. e4 e5 2. Nf3 Nc6 3. Nc3 Nf6 4. d4 exd4 5. Nxd4 Bc5 6. Be3 Nxd4 7. Bxd4 Qe7 8. Be2 O-O 9. e5 Ne8 10. Nd5,"Colias - Ronco, Illinois 1987"
Opening (C47),Opening (C47),1. e4 e5 2. Nf3 Nc6 3. Nc3 Nf6 4. d4 exd4 5. Nxd4 d5 6. Bb5 Qd6 7. exd5 Nxd5 8. Nxd5 Qxd5 9. Nxc6,1. e4 e5 2. Nf3 Nc6 3. Nc3 Nf6 4. d4 exd4 5. Nxd4 d5 6. Bb5 Qd6 7. exd5 Nxd5 8. Nxd5 Qxd5 9. Nxc6,"Openheim - NN, Germany 1921"
Opening (C47),Opening (C47),1. e4 e5 2. Nf3 Nc6 3. Nc3 Nf6 4. d4 exd4 5. Nxd4 d5 6. Bb5 Qd6 7. exd5 Nxd5 8. Nxc6 bxc6 9. Qxd5,1. e4 e5 2. Nf3 Nc6 3. Nc3 Nf6 4. d4 exd4 5. Nxd4 d5 6. Bb5 Qd6 7. exd5 Nxd5 8. Nxc6 bxc6 9. Qxd5,"Valenta - Gotz, Czechoslovakia 1994"
Opening (C47),Opening (C47),1. e4 e5 2. Nf3 Nc6 3. Nc3 Nf6 4. d4 exd4 5. Nd5 Nxd5 6. exd5 Nb4 7. Bc4 Qe7+ 8. Kd2 g6 9. Re1 Bh6+,1. e4 e5 2. Nf3 Nc6 3. Nc3 Nf6 4. d4 exd4 5. Nd5 Nxd5 6. exd5 Nb4 7. Bc4 Qe7+ 8. Kd2 g6 9. Re1 Bh6+,"Cavallo - Barreras, Corr. 1983"
Opening (A08),Opening (A08),1. e4 e6 2. d3 d5 3. Nd2 Nc6 4. Ne2 e5 5. exd5 Qxd5 6. c4 Nb4 7. cxd5 Nxd3#,1. e4 e6 2. d3 d5 3. Nd2 Nc6 4. Ne2 e5 5. exd5 Qxd5 6. c4 Nb4 7. cxd5 Nxd3#,"Grossner - Budrich, East Germany 1949"
Opening (A08),Opening (A08),1. e4 e6 2. d3 d5 3. Nd2 Nf6 4. g3 dxe4 5. dxe4 Bc5 6. Ngf3 Ng4 7. Qe2 Bxf2+ 8. Kd1 Ne3+,1. e4 e6 2. d3 d5 3. Nd2 Nf6 4. g3 dxe4 5. dxe4 Bc5 6. Ngf3 Ng4 7. Qe2 Bxf2+ 8. Kd1 Ne3+,"Haubrich - Orlov, Chicago 1991"
Opening (C10),Opening (C10),1. e4 e6 2. d4 d5 3. Nc3 dxe4 4. Nxe4 Bd6 5. Bd3 Ne7 6. Bg5 O-O 7. Nf6+ gxf6 8. Bxf6 Qd7 9. Bxh7+ Kxh7 10. Qh5+ Kg8 11. Qh8#,1. e4 e6 2. d4 d5 3. Nc3 dxe4 4. Nxe4 Bd6 5. Bd3 Ne7 6. Bg5 O-O 7. Nf6+ gxf6 8. Bxf6 Qd7 9. Bxh7+ Kxh7 10. Qh5+ Kg8 11. Qh8#,"Blom - Jensen, Copenhagen 1938"
Opening (C10),Opening (C10),1. e4 e6 2. d4 d5 3. Nc3 dxe4 4. Nxe4 Bd7 5. Nf3 Bc6 6. Bd3 Nf6 7. Nxf6+ Qxf6 8. Bg5 Bxf3 9. Qd2 Qxd4 10. Bb5+,1. e4 e6 2. d4 d5 3. Nc3 dxe4 4. Nxe4 Bd7 5. Nf3 Bc6 6. Bd3 Nf6 7. Nxf6+ Qxf6 8. Bg5 Bxf3 9. Qd2 Qxd4 10. Bb5+,"Kotkov - Akopian, USSR 1966"
Opening (C10),Opening (C10),1. e4 e6 2. d4 d5 3. Nc3 dxe4 4. Nxe4 Ne7 5. Bd3 g6 6. Nf6#,1. e4 e6 2. d4 d5 3. Nc3 dxe4 4. Nxe4 Ne7 5. Bd3 g6 6. Nf6#,"Ivanov, V. - Martinov, Moscow 1973"
Opening (C15),Opening (C15),1. e4 e6 2. d4 d5 3. Nc3 Bb4 4. Bd2 dxe4 5. Nxe4 Qxd4 6. Bd3 Bxd2+ 7. Qxd2 Nf6 8. Bb5+,1. e4 e6 2. d4 d5 3. Nc3 Bb4 4. Bd2 dxe4 5. Nxe4 Qxd4 6. Bd3 Bxd2+ 7. Qxd2 Nf6 8. Bb5+,"Clech - Tyrant, Val Maubuee 1989"
Opening (C15),Opening (C15),1. e4 e6 2. d4 d5 3. Nc3 Bb4 4. Bd3 c5 5. exd5 Qxd5 6. Nf3 cxd4 7. a3 Qa5 8. axb4 Qxa1 9. Nxd4,1. e4 e6 2. d4 d5 3. Nc3 Bb4 4. Bd3 c5 5. exd5 Qxd5 6. Nf3 cxd4 7. a3 Qa5 8. axb4 Qxa1 9. Nxd4,"Szily - Vloch, Budapest 1943"
Opening (C15),Opening (C15),1. e4 e6 2. d4 d5 3. Nc3 Bb4 4. exd5 Qxd5 5. Qg4 Ne7 6. Qxg7 Qe4+ 7. Kd1,1. e4 e6 2. d4 d5 3. Nc3 Bb4 4. exd5 Qxd5 5. Qg4 Ne7 6. Qxg7 Qe4+ 7. Kd1,"Van Steenis - Wechsler, Hastings 1947"
Opening (C15),Opening (C15),1. e4 e6 2. d4 d5 3. Nc3 Bb4 4. Nge2 dxe4 5. a3 Bxc3+ 6. Nxc3 Nc6 7. Qg4 Nxd4 8. Qxg7 Nxc2+ 9. Ke2 Qd3#,1. e4 e6 2. d4 d5 3. Nc3 Bb4 4. Nge2 dxe4 5. a3 Bxc3+ 6. Nxc3 Nc6 7. Qg4 Nxd4 8. Qxg7 Nxc2+ 9. Ke2 Qd3#,"Dake, A. - Pauli, Baltimore 1936"
Opening (C17),Opening (C17),1. e4 e6 2. d4 d5 3. Nc3 Bb4 4. e5 c5 5. dxc5 Bxc3+ 6. bxc3 Nc6 7. Qg4 Nxe5 8. Qxg7 Qf6 9. Bh6,1. e4 e6 2. d4 d5 3. Nc3 Bb4 4. e5 c5 5. dxc5 Bxc3+ 6. bxc3 Nc6 7. Qg4 Nxe5 8. Qxg7 Qf6 9. Bh6,"Goldenov - Nekrassov, Minsk 1953"
Opening (C16),Opening (C16),1. e4 e6 2. d4 d5 3. Nc3 Bb4 4. e5 Qd7 5. Nf3 b6 6. Bb5 Bxc3+ 7. bxc3 Qxb5,1. e4 e6 2. d4 d5 3. Nc3 Bb4 4. e5 Qd7 5. Nf3 b6 6. Bb5 Bxc3+ 7. bxc3 Qxb5,"Hieser - Shue, Australia 1996"
Opening (C15),Opening (C15),1. e4 e6 2. d4 d5 3. Nc3 Bb4 4. f3 dxe4 5. fxe4 Qh4+ 6. g3 Qxe4+,1. e4 e6 2. d4 d5 3. Nc3 Bb4 4. f3 dxe4 5. fxe4 Qh4+ 6. g3 Qxe4+,"Schnabel - Cook, Dayton 1980"
Opening (C13),Opening (C13),1. e4 e6 2. d4 d5 3. Nc3 Nf6 4. Bg5 Be7 5. e5 Nfd7 6. h4 c5 7. Bxe7 Kxe7 8. dxc5 Qa5 9. Qd2 h6 10. Nxd5+ exd5 11. Qxa5,1. e4 e6 2. d4 d5 3. Nc3 Nf6 4. Bg5 Be7 5. e5 Nfd7 6. h4 c5 7. Bxe7 Kxe7 8. dxc5 Qa5 9. Qd2 h6 10. Nxd5+ exd5 11. Qxa5,"Velimirovic - Ristovic, Pozarevac 1995"
Opening (C00),Opening (C00),1. e4 e6 2. d4 d5 3. c4 dxe4 4. Nc3 Bb4 5. Bd2 Qxd4 6. Qa4+ Nc6 7. O-O-O Bxc3 8. Bg5 Bxb2+ 9. Kb1 Qb6 10. Rd8#,1. e4 e6 2. d4 d5 3. c4 dxe4 4. Nc3 Bb4 5. Bd2 Qxd4 6. Qa4+ Nc6 7. O-O-O Bxc3 8. Bg5 Bxb2+ 9. Kb1 Qb6 10. Rd8#,"Diemer - Buerger, Germany 1948"
Opening (C03),Opening (C03),1. e4 e6 2. d4 d5 3. Nd2 dxe4 4. Nxe4 Nc6 5. Nf3 b6 6. Bb5 Qd5 7. Qe2 Nf6 8. c4 Bb4+ 9. Kf1 Qd7 10. Ne5,1. e4 e6 2. d4 d5 3. Nd2 dxe4 4. Nxe4 Nc6 5. Nf3 b6 6. Bb5 Qd5 7. Qe2 Nf6 8. c4 Bb4+ 9. Kf1 Qd7 10. Ne5,"Rausis - Herboth, Baden Baden 1993"
Opening (C00),Opening (C00),1. e4 e6 2. d4 d5 3. exd5 exd5 4. Nf3 Bd6 5. c4 Ne7 6. c5,1. e4 e6 2. d4 d5 3. exd5 exd5 4. Nf3 Bd6 5. c4 Ne7 6. c5,"Hansen, C. - Rodas, West Germany 1980"
Opening (C00),Opening (C00),1. e4 e6 2. d4 d5 3. exd5 exd5 4. Nf3 Bd6 5. Bd3 Bg4 6. Bg5 Bxf3,1. e4 e6 2. d4 d5 3. exd5 exd5 4. Nf3 Bd6 5. Bd3 Bg4 6. Bg5 Bxf3,"Muellen - Wagner, Germany 1990"
Opening (C00),Opening (C00),1. e4 e6 2. d4 Nf6 3. Bd3 h6 4. Nf3 Na6 5. e5 Nh5 6. g4,1. e4 e6 2. d4 Nf6 3. Bd3 h6 4. Nf3 Na6 5. e5 Nh5 6. g4,"Wall, Bill - Arau, Internet 1996"
Opening (C00),Opening (C00),1. e4 e6 2. d4 Nf6 3. Bg5 Be7 4. Bd3 O-O 5. Nc3 Nxe4 6. Bxe7 Nxc3 7. Bxh7+ Kh8 8. Qh5,1. e4 e6 2. d4 Nf6 3. Bg5 Be7 4. Bd3 O-O 5. Nc3 Nxe4 6. Bxe7 Nxc3 7. Bxh7+ Kh8 8. Qh5,"Durao - Horta, Lisbon 1954"
Opening (C00),Opening (C00),1. e4 e6 2. Qf3 d5 3. exd5 exd5 4. d4 Nf6 5. Nc3 c6 6. Be3 Bd6 7. Nh3 Bg4,1. e4 e6 2. Qf3 d5 3. exd5 exd5 4. d4 Nf6 5. Nc3 c6 6. Be3 Bd6 7. Nh3 Bg4,"NN - Blaine, R., Indianapolis 1980"
Opening (C53),Opening (C53),1. e4 e5 2. Nf3 Nc6 3. Bc4 Bc5 4. c3 d6 5. d4 Bb6 6. dxe5 Nxe5 7. Nxe5 dxe5 8. Bxf7+ Kxf7 9. Qxd8,1. e4 e5 2. Nf3 Nc6 3. Bc4 Bc5 4. c3 d6 5. d4 Bb6 6. dxe5 Nxe5 7. Nxe5 dxe5 8. Bxf7+ Kxf7 9. Qxd8,"Wall, Bill - SmartAttack, Internet 1996"
Opening (C53),Opening (C53),1. e4 e5 2. Nf3 Nc6 3. Bc4 Bc5 4. c3 d6 5. d4 exd4 6. cxd4 Bb6 7. d5 Na5 8. Bd3 c6 9. b4,1. e4 e5 2. Nf3 Nc6 3. Bc4 Bc5 4. c3 d6 5. d4 exd4 6. cxd4 Bb6 7. d5 Na5 8. Bd3 c6 9. b4,"Wall, Bill - George, North Carolina 1977"
Opening (C53),Opening (C53),1. e4 e5 2. Nf3 Nc6 3. Bc4 Bc5 4. c3 Qe7 5. O-O d6 6. d4 Bb6 7. Bg5 f6 8. Bh4 g5 9. Nxg5 fxg5 10. Qh5+ Kd7 11. Bxg5 Qg7 12. Be6+ Kxe6 13. Qe8+,1. e4 e5 2. Nf3 Nc6 3. Bc4 Bc5 4. c3 Qe7 5. O-O d6 6. d4 Bb6 7. Bg5 f6 8. Bh4 g5 9. Nxg5 fxg5 10. Qh5+ Kd7 11. Bxg5 Qg7 12. Be6+ Kxe6 13. Qe8+,"Busnardo - NN, Rome 1590"
Opening (C54),Opening (C54),1. e4 e5 2. Nf3 Nc6 3. Bc4 Bc5 4. c3 Nf6 5. d4 Bb6 6. dxe5 Nxe4 7. Qd5 Bxf2+ 8. Ke2,1. e4 e5 2. Nf3 Nc6 3. Bc4 Bc5 4. c3 Nf6 5. d4 Bb6 6. dxe5 Nxe4 7. Qd5 Bxf2+ 8. Ke2,"Stoklizki - Maximov, Moscow 1973"
Opening (C54),Opening (C54),1. e4 e5 2. Nf3 Nc6 3. Bc4 Bc5 4. c3 Nf6 5. d4 exd4 6. cxd4 Bb6 7. e5 Ng4 8. h3 Nh6 9. d5 Ne7 10. d6 Ng6 11. Bg5 f6 12. exf6 gxf6 13. Qe2+ Kf8 14. Bxh6#,1. e4 e5 2. Nf3 Nc6 3. Bc4 Bc5 4. c3 Nf6 5. d4 exd4 6. cxd4 Bb6 7. e5 Ng4 8. h3 Nh6 9. d5 Ne7 10. d6 Ng6 11. Bg5 f6 12. exf6 gxf6 13. Qe2+ Kf8 14. Bxh6#,"Boleslavsky - Scitov, Moscow 1933"
Opening (C54),Opening (C54),1. e4 e5 2. Nf3 Nc6 3. Bc4 Bc5 4. c3 Nf6 5. d4 exd4 6. cxd4 Bb6 7. Ng5 O-O 8. e5 Ne8 9. Qh5 h6 10. Nxf7,1. e4 e5 2. Nf3 Nc6 3. Bc4 Bc5 4. c3 Nf6 5. d4 exd4 6. cxd4 Bb6 7. Ng5 O-O 8. e5 Ne8 9. Qh5 h6 10. Nxf7,"D'Amore - Aprea, Italy 1970"
Opening (C54),Opening (C54),1. e4 e5 2. Nf3 Nc6 3. Bc4 Bc5 4. c3 Nf6 5. d4 exd4 6. e5 Ng4 7. Bd5 Nxf2 8. Bxf7+ Kxf7 9. Ng5+ Kg8 10. Qb3+ d5 11. exd6+ Be6 12. Qxe6+ Kf8 13. Qf7#,1. e4 e5 2. Nf3 Nc6 3. Bc4 Bc5 4. c3 Nf6 5. d4 exd4 6. e5 Ng4 7. Bd5 Nxf2 8. Bxf7+ Kxf7 9. Ng5+ Kg8 10. Qb3+ d5 11. exd6+ Be6 12. Qxe6+ Kf8 13. Qf7#,"Cochrane - NN, London 1822"
Opening (C54),Opening (C54),1. e4 e5 2. Nf3 Nc6 3. Bc4 Bc5 4. c3 Nf6 5. Ng5 O-O 6. d3 h6 7. h4 hxg5 8. hxg5 Nh7 9. Qh5,1. e4 e5 2. Nf3 Nc6 3. Bc4 Bc5 4. c3 Nf6 5. Ng5 O-O 6. d3 h6 7. h4 hxg5 8. hxg5 Nh7 9. Qh5,"Greco - NN, Italy 1620"
Opening (C50),Opening (C50),1. e4 e5 2. Nf3 Nc6 3. Bc4 Bc5 4. d3 Nge7 5. Be3 Bb6 6. Nc3 d6 7. Ng5 Qd7 8. Bxf7+ Kf8 9. Be6,1. e4 e5 2. Nf3 Nc6 3. Bc4 Bc5 4. d3 Nge7 5. Be3 Bb6 6. Nc3 d6 7. Ng5 Qd7 8. Bxf7+ Kf8 9. Be6,"Kottnauerova - Vilimova, Czech Republic 1992"
Opening (C50),Opening (C50),1. e4 e5 2. Nf3 Nc6 3. Bc4 Bc5 4. O-O d6 5. Nc3 Bg4 6. d3 Nd4 7. Be3 Nxf3+ 8. gxf3 Bh3 9. Re1 Bxe3 10. fxe3 Qg5+,1. e4 e5 2. Nf3 Nc6 3. Bc4 Bc5 4. O-O d6 5. Nc3 Bg4 6. d3 Nd4 7. Be3 Nxf3+ 8. gxf3 Bh3 9. Re1 Bxe3 10. fxe3 Qg5+,"Thompson, David - Wall, Bill, Okinawa 1972"
Opening (C50),Opening (C50),1. e4 e5 2. Nf3 Nc6 3. Bc4 Bc5 4. O-O d6 5. d3 Bg4 6. Nc3 Nd4 7. Be3 Nxf3+ 8. gxf3 Bh3 9. Re1 Bxe3 10. fxe3 Qg5+ 11. Kf2 Qg2#,1. e4 e5 2. Nf3 Nc6 3. Bc4 Bc5 4. O-O d6 5. d3 Bg4 6. Nc3 Nd4 7. Be3 Nxf3+ 8. gxf3 Bh3 9. Re1 Bxe3 10. fxe3 Qg5+ 11. Kf2 Qg2#,"NN - Poole, England 1952"
Opening (C50),Opening (C50),1. e4 e5 2. Nf3 Nc6 3. Bc4 Bc5 4. O-O f5 5. d4 exd4 6. e5 d6 7. exd6 Qxd6 8. Re1+ Nge7 9. Ng5 Ne5 10. Bf4 N7g6 11. Bxe5 Nxe5 12. Nf7,1. e4 e5 2. Nf3 Nc6 3. Bc4 Bc5 4. O-O f5 5. d4 exd4 6. e5 d6 7. exd6 Qxd6 8. Re1+ Nge7 9. Ng5 Ne5 10. Bf4 N7g6 11. Bxe5 Nxe5 12. Nf7,"Morphy, P. - Schulten, New Orleans 1857"
Opening (A00),Opening (A00),1. g4 d5 2. e3 e5 3. f4 Qh4+ 4. Ke2 Bxg4+ 5. Nf3 Bxf3+ 6. Kxf3 Qh5+,1. g4 d5 2. e3 e5 3. f4 Qh4+ 4. Ke2 Bxg4+ 5. Nf3 Bxf3+ 6. Kxf3 Qh5+,"NN - Gaeta, Europe 1987"
Opening (A00),Opening (A00),1. g4 d5 2. Bg2 Bxg4 3. c4 c6 4. Qb3 Qc7 5. cxd5 cxd5 6. Bxd5 Qxc1+,1. g4 d5 2. Bg2 Bxg4 3. c4 c6 4. Qb3 Qc7 5. cxd5 cxd5 6. Bxd5 Qxc1+,"Lippens - Smit, Europe 1980"
Opening (A00),Opening (A00),1. g4 d5 2. Bg2 Bxg4 3. c4 c6 4. Qb3 Qc8 5. cxd5 cxd5 6. Nc3 e6 7. Nxd5 exd5 8. Bxd5 Be6 9. Qxb7 Bxd5 10. Qxc8+,1. g4 d5 2. Bg2 Bxg4 3. c4 c6 4. Qb3 Qc8 5. cxd5 cxd5 6. Nc3 e6 7. Nxd5 exd5 8. Bxd5 Be6 9. Qxb7 Bxd5 10. Qxc8+,"McDaniel - Ladd, Fremont, CA 1985"
Opening (A00),Opening (A00),1. g4 d5 2. Bg2 Bxg4 3. c4 c6 4. cxd5 Nf6 5. Qb3 Qb6 6. dxc6 Qxb3 7. cxb7 Qxb7 8. Bxb7,1. g4 d5 2. Bg2 Bxg4 3. c4 c6 4. cxd5 Nf6 5. Qb3 Qb6 6. dxc6 Qxb3 7. cxb7 Qxb7 8. Bxb7,"Wall, Bill - Kubasek, Thailand 1973"
Opening (A00),Opening (A00),1. g4 d5 2. Bg2 Bxg4 3. c4 c6 4. cxd5 cxd5 5. Qb3 e6 6. Qa4+,1. g4 d5 2. Bg2 Bxg4 3. c4 c6 4. cxd5 cxd5 5. Qb3 e6 6. Qa4+,"Bloodgood - Bowlby, Virginia 1974"
Opening (A00),Opening (A00),1. g4 d5 2. Bg2 Bxg4 3. c4 e6 4. Qb3 c6 5. cxd5 cxd5 6. Qa4+,1. g4 d5 2. Bg2 Bxg4 3. c4 e6 4. Qb3 c6 5. cxd5 cxd5 6. Qa4+,"van der Heiden - van Wonrooy, Netherlands 1978"
Opening (A00),Opening (A00),1. g4 d5 2. Bg2 Bxg4 3. c4 e6 4. Qb3 Nc6 5. cxd5 exd5 6. Bxd5 Bd6 7. Bxf7+ Kf8 8. Bxg8 Rxg8 9. Qxb7 Ne5 10. d4 Ng6 11. Nc3 Kf7 12. h3 Bh5 13. Qd5+,1. g4 d5 2. Bg2 Bxg4 3. c4 e6 4. Qb3 Nc6 5. cxd5 exd5 6. Bxd5 Bd6 7. Bxf7+ Kf8 8. Bxg8 Rxg8 9. Qxb7 Ne5 10. d4 Ng6 11. Nc3 Kf7 12. h3 Bh5 13. Qd5+,"Wall, Bill - Ukralex, Internet 1997"
Opening (A00),Opening (A00),1. g4 d5 2. Bg2 Bxg4 3. c4 e6 4. cxd5 exd5 5. Qb3 Nf6 6. Qxb7 Ne4 7. Qxa8 Bc5 8. Bxe4 dxe4 9. Qxe4+,1. g4 d5 2. Bg2 Bxg4 3. c4 e6 4. cxd5 exd5 5. Qb3 Nf6 6. Qxb7 Ne4 7. Qxa8 Bc5 8. Bxe4 dxe4 9. Qxe4+,"Wall, Bill - Puke, Internet 1996"
Opening (A00),Opening (A00),1. g4 d5 2. Bg2 Bxg4 3. c4 Nf6 4. cxd5 Nxd5 5. Qb3 e6 6. Qa4+,1. g4 d5 2. Bg2 Bxg4 3. c4 Nf6 4. cxd5 Nxd5 5. Qb3 e6 6. Qa4+,"Lemke - Brummett, Schnectady 1977"
Opening (A00),Opening (A00),1. g4 d5 2. Bg2 g6 3. h4 Bxg4 4. c4 c6 5. cxd5 cxd5 6. Qb3 e6 7. Qa4+,1. g4 d5 2. Bg2 g6 3. h4 Bxg4 4. c4 c6 5. cxd5 cxd5 6. Qb3 e6 7. Qa4+,"De Vries - Broekhoeven, Eindhoven 1838"
Opening (A00),Opening (A00),1. g4 d5 2. g5 e5 3. c4 dxc4 4. Na3 Bxa3 5. bxa3 Qd4 6. Rb1 Qe4,1. g4 d5 2. g5 e5 3. c4 dxc4 4. Na3 Bxa3 5. bxa3 Qd4 6. Rb1 Qe4,"Nemet - Knezevic, Yugoslavia 1972"
Opening (A00),Opening (A00),1. g4 d5 2. Bg2 e5 3. c4 Be6 4. Nc3 d4 5. Bxb7 dxc3 6. Bxa8 Bc5 7. Qa4+ Bd7 8. Qa5,1. g4 d5 2. Bg2 e5 3. c4 Be6 4. Nc3 d4 5. Bxb7 dxc3 6. Bxa8 Bc5 7. Qa4+ Bd7 8. Qa5,"Schoenau - Froka, Nuremberg 1988"
Opening (A00),Opening (A00),1. g4 e5 2. Bg2 Bc5 3. h3 Qh4 4. e3 Nf6 5. d4 exd4 6. exd4 Bd6 7. Nf3,1. g4 e5 2. Bg2 Bc5 3. h3 Qh4 4. e3 Nf6 5. d4 exd4 6. exd4 Bd6 7. Nf3,"Bloodgood - Mizesko, Virginia 1975"
Opening (A00),Opening (A00),1. g4 e5 2. Bg2 d6 3. c4 Bxg4 4. Bxb7,1. g4 e5 2. Bg2 d6 3. c4 Bxg4 4. Bxb7,"Cunliffe - Friedlander, Pittsburg 1986"
Opening (A00),Opening (A00),1. g4 e5 2. Bg2 d6 3. h3 f5 4. gxf5 Bxf5 5. Bxb7,1. g4 e5 2. Bg2 d6 3. h3 f5 4. gxf5 Bxf5 5. Bxb7,"Wall, Bill - Shirley, Dayton 1981"
Opening (A00),Opening (A00),1. g4 e5 2. Bg2 h5 3. gxh5 d5 4. d4 e4 5. Bf4 Bd6 6. Bg3 Nf6 7. Qd2 Na6 8. Nc3 c6 9. Qg5 Rxh5 10. Qxg7 Bf8,1. g4 e5 2. Bg2 h5 3. gxh5 d5 4. d4 e4 5. Bf4 Bd6 6. Bg3 Nf6 7. Qd2 Na6 8. Nc3 c6 9. Qg5 Rxh5 10. Qxg7 Bf8,"Hengstler - Schlenker, Zavelstein 1976"
Opening (D81),Opening (D81),1. d4 Nf6 2. c4 g6 3. Nc3 d5 4. Qb3 dxc4 5. Qxc4 Be6 6. Qb5+ Nc6 7. Nf3 Nd5 8. e4 a6 9. Qb3 Ne3 10. Nd5 Nxd5 11. exd5 Qxd5 12. Qxb7 Qe4+ 13. Be3 Ra7,1. d4 Nf6 2. c4 g6 3. Nc3 d5 4. Qb3 dxc4 5. Qxc4 Be6 6. Qb5+ Nc6 7. Nf3 Nd5 8. e4 a6 9. Qb3 Ne3 10. Nd5 Nxd5 11. exd5 Qxd5 12. Qxb7 Qe4+ 13. Be3 Ra7,"Musolino - Porreca, Corr. 1965"
Opening (D85),Opening (D85),1. d4 Nf6 2. c4 g6 3. Nf3 Bg7 4. Nc3 d5 5. cxd5 Nxd5 6. e4 Nxc3 7. bxc3 c5 8. Be3 Qa5 9. Qd2 Nc6 10. Rb1 cxd4 11. cxd4 O-O 12. d5 Bc3,1. d4 Nf6 2. c4 g6 3. Nf3 Bg7 4. Nc3 d5 5. cxd5 Nxd5 6. e4 Nxc3 7. bxc3 c5 8. Be3 Qa5 9. Qd2 Nc6 10. Rb1 cxd4 11. cxd4 O-O 12. d5 Bc3,"Michailhishin - Romanishin, USSR 1981"
Opening (D85),Opening (D85),1. d4 Nf6 2. c4 g6 3. Nc3 d5 4. cxd5 Nxd5 5. e4 Nxc3 6. bxc3 Bg7 7. Nf3 c5 8. Rb1 Qa5 9. Rb5 Qxc3+ 10. Bd2 Qa3 11. Qc2 Nc6 12. Rb3 Qa4 13. Bb5,1. d4 Nf6 2. c4 g6 3. Nc3 d5 4. cxd5 Nxd5 5. e4 Nxc3 6. bxc3 Bg7 7. Nf3 c5 8. Rb1 Qa5 9. Rb5 Qxc3+ 10. Bd2 Qa3 11. Qc2 Nc6 12. Rb3 Qa4 13. Bb5,"Polovodin - Maslov, USSR 1984"
Opening (D91),Opening (D91),1. d4 Nf6 2. c4 g6 3. Nc3 d5 4. Nf3 Bg7 5. Bg5 Ne4 6. Nxd5 Nxg5 7. Nxg5 e6,1. d4 Nf6 2. c4 g6 3. Nc3 d5 4. Nf3 Bg7 5. Bg5 Ne4 6. Nxd5 Nxg5 7. Nxg5 e6,"Zuccotti - Ricardi, Italy 1991"
Opening (D80),Opening (D80),1. d4 Nf6 2. c4 g6 3. Nc3 d5 4. g4 Bg7 5. g5 Ne4 6. Nxd5 c6 7. Nc3 Qa5 8. Bd2 Qf5 9. f4 Bxd4 10. Bh3 Qxh3 11. Nxh3 Bxh3 12. Nxe4 Bg2,1. d4 Nf6 2. c4 g6 3. Nc3 d5 4. g4 Bg7 5. g5 Ne4 6. Nxd5 c6 7. Nc3 Qa5 8. Bd2 Qf5 9. f4 Bxd4 10. Bh3 Qxh3 11. Nxh3 Bxh3 12. Nxe4 Bg2,"Koomen - Boomgaardt, Netherlands 1970"
Opening (D80),Opening (D80),1. d4 Nf6 2. c4 g6 3. Nc3 d5 4. Bg5 Ne4 5. cxd5 Nxg5 6. h4 Ne4 7. Nxe4 Qxd5 8. Nc5 e5 9. Nf3 exd4 10. Qa4+ Nc6 11. Nb3 b5,1. d4 Nf6 2. c4 g6 3. Nc3 d5 4. Bg5 Ne4 5. cxd5 Nxg5 6. h4 Ne4 7. Nxe4 Qxd5 8. Nc5 e5 9. Nf3 exd4 10. Qa4+ Nc6 11. Nb3 b5,"NN - Steinberg, Corr. 1976"
Opening (D80),Opening (D80),1. d4 Nf6 2. c4 g6 3. Nc3 d5 4. Bg5 Ne4 5. Nxe4 dxe4 6. g3 Bg7 7. e3 c5 8. Bg2 cxd4 9. Bxe4 Qa5+ 10. Qd2 Qxg5,1. d4 Nf6 2. c4 g6 3. Nc3 d5 4. Bg5 Ne4 5. Nxe4 dxe4 6. g3 Bg7 7. e3 c5 8. Bg2 cxd4 9. Bxe4 Qa5+ 10. Qd2 Qxg5,"Rundle - Rooswa, Tulsa 1988"
Opening (C44),Opening (C44),1. e4 e5 2. Nf3 Nc6 3. Bc4 Be7 4. d4 exd4 5. c3 dxc3 6. Qd5 d6 7. Qxf7+ Kd7 8. Be6#,1. e4 e5 2. Nf3 Nc6 3. Bc4 Be7 4. d4 exd4 5. c3 dxc3 6. Qd5 d6 7. Qxf7+ Kd7 8. Be6#,"Nortje - NN, Johannesburg 1985"
Opening (C44),Opening (C44),1. e4 e5 2. Nf3 Nc6 3. Bc4 Be7 4. d4 exd4 5. c3 dxc3 6. Qd5 Nh6 7. Bxh6 O-O 8. Bc1 Nb4 9. Qh5 Nc2+,1. e4 e5 2. Nf3 Nc6 3. Bc4 Be7 4. d4 exd4 5. c3 dxc3 6. Qd5 Nh6 7. Bxh6 O-O 8. Bc1 Nb4 9. Qh5 Nc2+,"Midjord - Scharf, Nice 1842"
Opening (C50),Opening (C50),1. e4 e5 2. Nf3 Nc6 3. Bc4 Be7 4. d4 exd4 5. c3 Nf6 6. e5 Ne4 7. Bd5 Ng5 8. Nxg5 Bxg5 9. Qh5,1. e4 e5 2. Nf3 Nc6 3. Bc4 Be7 4. d4 exd4 5. c3 Nf6 6. e5 Ne4 7. Bd5 Ng5 8. Nxg5 Bxg5 9. Qh5,"Schubert - Herzog, Oostenrijk 1980"
Opening (C44),Opening (C44),1. e4 e5 2. Nf3 Nc6 3. Bc4 Be7 4. d4 exd4 5. Nxd4 Nxd4 6. Qxd4 Nf6 7. e5 c5 8. Qf4,1. e4 e5 2. Nf3 Nc6 3. Bc4 Be7 4. d4 exd4 5. Nxd4 Nxd4 6. Qxd4 Nf6 7. e5 c5 8. Qf4,"Funston - Sullivan, Ohio 1977"
Opening (C50),Opening (C50),1. e4 e5 2. Nf3 Nc6 3. Bc4 Be7 4. d4 d6 5. c3 Nf6 6. d5 Nb8 7. Be2 Nxe4 8. Qa4+,1. e4 e5 2. Nf3 Nc6 3. Bc4 Be7 4. d4 d6 5. c3 Nf6 6. d5 Nb8 7. Be2 Nxe4 8. Qa4+,"Fiorito - Terpstra, Netherlands 1990"
Opening (C50),Opening (C50),1. e4 e5 2. Nf3 Nc6 3. Bc4 Be7 4. d4 d6 5. dxe5 Nxe5 6. Nxe5 dxe5 7. Qh5 g6 8. Qxe5,1. e4 e5 2. Nf3 Nc6 3. Bc4 Be7 4. d4 d6 5. dxe5 Nxe5 6. Nxe5 dxe5 7. Qh5 g6 8. Qxe5,"Estrin - Liberzon, Moscow 1959"
Opening (C33),Opening (C33),1. e4 e5 2. f4 exf4 3. Bc4 d5 4. exd5 Qh4+ 5. Kf1 f3 6. Qe1+ Qxe1+ 7. Kxe1 fxg2,1. e4 e5 2. f4 exf4 3. Bc4 d5 4. exd5 Qh4+ 5. Kf1 f3 6. Qe1+ Qxe1+ 7. Kxe1 fxg2,"Molenda - Everett, Michigan 1973"
Opening (C33),Opening (C33),1. e4 e5 2. f4 exf4 3. Bc4 d5 4. Bxd5 Nf6 5. Nc3 Bb4 6. d3 Nxd5 7. exd5 O-O 8. Qf3 Re8+ 9. Nge2 Bxc3+ 10. bxc3 Qh4+ 11. g3 Bg4,1. e4 e5 2. f4 exf4 3. Bc4 d5 4. Bxd5 Nf6 5. Nc3 Bb4 6. d3 Nxd5 7. exd5 O-O 8. Qf3 Re8+ 9. Nge2 Bxc3+ 10. bxc3 Qh4+ 11. g3 Bg4,"Budzinsky - Morphy, P., Paris 1859"
Opening (C33),Opening (C33),1. e4 e5 2. f4 exf4 3. Bc4 Nf6 4. d3 d5 5. exd5 Nxd5 6. Qh5 c6 7. Bxf4 Qe7+ 8. Qe5 Nxf4,1. e4 e5 2. f4 exf4 3. Bc4 Nf6 4. d3 d5 5. exd5 Nxd5 6. Qh5 c6 7. Bxf4 Qe7+ 8. Qe5 Nxf4,"Ross, J. - Wall, Bill, North Carolina 1978"
Opening (C33),Opening (C33),1. e4 e5 2. f4 exf4 3. Bc4 Qh4+ 4. Kf1 Nf6 5. Nf3 Qh5 6. Qe1 b5 7. e5 Ng4 8. Qe4 c6 9. Bxb5 d5 10. exd6+,1. e4 e5 2. f4 exf4 3. Bc4 Qh4+ 4. Kf1 Nf6 5. Nf3 Qh5 6. Qe1 b5 7. e5 Ng4 8. Qe4 c6 9. Bxb5 d5 10. exd6+,"Salomon - Brown, M., Internet 1996"
Opening (C36),Opening (C36),1. e4 e5 2. f4 exf4 3. Nf3 d5 4. Nc3 dxe4 5. Nxe4 Bg4 6. Qe2 Bxf3 7. Nf6#,1. e4 e5 2. f4 exf4 3. Nf3 d5 4. Nc3 dxe4 5. Nxe4 Bg4 6. Qe2 Bxf3 7. Nf6#,"Meek - NN, New Orleans 1855"
Opening (C36),Opening (C36),1. e4 e5 2. f4 exf4 3. Nf3 d5 4. exd5 Qxd5 5. Nc3 Qc6 6. Bb5,1. e4 e5 2. f4 exf4 3. Nf3 d5 4. exd5 Qxd5 5. Nc3 Qc6 6. Bb5,"Wall, Bill - Akoneu, Internet 1997"
Opening (C34),Opening (C34),1. e4 e5 2. f4 exf4 3. Nf3 d6 4. Bc4 Be6 5. Bxe6 fxe6 6. d4 Qf6 7. Nc3 Ne7 8. Qe2 c6 9. e5 dxe5 10. Ne4 Qh6 11. Nd6+,1. e4 e5 2. f4 exf4 3. Nf3 d6 4. Bc4 Be6 5. Bxe6 fxe6 6. d4 Qf6 7. Nc3 Ne7 8. Qe2 c6 9. e5 dxe5 10. Ne4 Qh6 11. Nd6+,"Yuneiev - Klovans, Odessa 1981"
Opening (C34),Opening (C34),1. e4 e5 2. f4 exf4 3. Nf3 d6 4. Bc4 Nh6 5. O-O Be7 6. d4 g5 7. Nc3 Bd7 8. h4 f6 9. Nh2 Nc6 10. Qh5+ Kf8 11. Qxh6+ Ke8 12. Qh5+ Kf8 13. Qf7#,1. e4 e5 2. f4 exf4 3. Nf3 d6 4. Bc4 Nh6 5. O-O Be7 6. d4 g5 7. Nc3 Bd7 8. h4 f6 9. Nh2 Nc6 10. Qh5+ Kf8 11. Qxh6+ Ke8 12. Qh5+ Kf8 13. Qf7#,"Urbano - Carrero, Madrid 1946"
Opening (C35),Opening (C35),1. e4 e5 2. f4 exf4 3. Nf3 Be7 4. Bc4 Nf6 5. Nc3 Nxe4 6. Bxf7+ Kxf7 7. Ne5+ Ke6 8. Qg4+ Kxe5 9. d4+ Kxd4 10. Be3+ Ke5 11. Bxf4+ Kf6 12. Bxc7 Qxc7 13. Nd5+,1. e4 e5 2. f4 exf4 3. Nf3 Be7 4. Bc4 Nf6 5. Nc3 Nxe4 6. Bxf7+ Kxf7 7. Ne5+ Ke6 8. Qg4+ Kxe5 9. d4+ Kxd4 10. Be3+ Ke5 11. Bxf4+ Kf6 12. Bxc7 Qxc7 13. Nd5+,"Teschner - NN, England 1951"
Opening (C34),Opening (C34),1. e4 e5 2. f4 exf4 3. Nf3 Nf6 4. Nc3 d5 5. exd5 Nxd5 6. Nxd5 Qxd5 7. d4 Be7 8. Bxf4 Qe4+,1. e4 e5 2. f4 exf4 3. Nf3 Nf6 4. Nc3 d5 5. exd5 Nxd5 6. Nxd5 Qxd5 7. d4 Be7 8. Bxf4 Qe4+,"Rather - Gresser, New York 1946"
Opening (C37),Opening (C37),1. e4 e5 2. f4 exf4 3. Nf3 g5 4. Nc3 g4 5. Nd4 Qh4+ 6. Ke2 Bc5 7. Nf5 Qf2+ 8. Kd3 Nc6 9. Qe2 Ne5#,1. e4 e5 2. f4 exf4 3. Nf3 g5 4. Nc3 g4 5. Nd4 Qh4+ 6. Ke2 Bc5 7. Nf5 Qf2+ 8. Kd3 Nc6 9. Qe2 Ne5#,"Trimpi - Kaplan, Pennsylvania 1982"
Opening (C37),Opening (C37),1. e4 e5 2. f4 exf4 3. Nf3 g5 4. Bc4 f6 5. Nxg5 fxg5 6. Qh5+ Ke7 7. Qxg5+ Ke8 8. Qh5+ Ke7 9. Qe5#,1. e4 e5 2. f4 exf4 3. Nf3 g5 4. Bc4 f6 5. Nxg5 fxg5 6. Qh5+ Ke7 7. Qxg5+ Ke8 8. Qh5+ Ke7 9. Qe5#,"Wall, Bill - Greenwalt, V., Dayton 1983"
Opening (C37),Opening (C37),1. e4 e5 2. f4 exf4 3. Nf3 g5 4. Bc4 g4 5. Ne5 Nh6 6. Nxg4 Qh4+ 7. Nf2 d5 8. Bxd5 Bg4,1. e4 e5 2. f4 exf4 3. Nf3 g5 4. Bc4 g4 5. Ne5 Nh6 6. Nxg4 Qh4+ 7. Nf2 d5 8. Bxd5 Bg4,"NN - Greco, Italy 1620"
Opening (C37),Opening (C37),1. e4 e5 2. f4 exf4 3. Nf3 g5 4. Bc4 g4 5. O-O gxf3 6. Qxf3 Qe7 7. Qc3 Bg7 8. Qxg7 Qc5+ 9. Kh1 Qxc4 10. Rxf4 Qxc2 11. Qxf7+ Kd8 12. Qf8#,1. e4 e5 2. f4 exf4 3. Nf3 g5 4. Bc4 g4 5. O-O gxf3 6. Qxf3 Qe7 7. Qc3 Bg7 8. Qxg7 Qc5+ 9. Kh1 Qxc4 10. Rxf4 Qxc2 11. Qxf7+ Kd8 12. Qf8#,"Cage - McCoy, Corr. 1996"
Opening (C37),Opening (C37),1. e4 e5 2. f4 exf4 3. Nf3 g5 4. d4 Bg7 5. Nc3 g4 6. Nd2 Qh4+,1. e4 e5 2. f4 exf4 3. Nf3 g5 4. d4 Bg7 5. Nc3 g4 6. Nd2 Qh4+,"Stu - Wall, Bill, Internet 1996"
Opening (C37),Opening (C37),1. e4 e5 2. f4 exf4 3. Nf3 g5 4. d4 h6 5. h4 Bg7 6. hxg5 hxg5 7. Rxh8 Bxh8 8. g3 d5 9. Nc3 dxe4 10. Nxe4 g4 11. Ne5 f5,1. e4 e5 2. f4 exf4 3. Nf3 g5 4. d4 h6 5. h4 Bg7 6. hxg5 hxg5 7. Rxh8 Bxh8 8. g3 d5 9. Nc3 dxe4 10. Nxe4 g4 11. Ne5 f5,"Park - Dion, Internet 1996"
Opening (C39),Opening (C39),1. e4 e5 2. f4 exf4 3. Nf3 g5 4. h4 g4 5. Ng5 h6 6. Nxf7 Kxf7 7. Bc4+ Ke8 8. Qxg4 d6 9. Qg6+ Ke7 10. Qf7#,1. e4 e5 2. f4 exf4 3. Nf3 g5 4. h4 g4 5. Ng5 h6 6. Nxf7 Kxf7 7. Bc4+ Ke8 8. Qxg4 d6 9. Qg6+ Ke7 10. Qf7#,"Wall, Bill - Soltz, B., San Antonio 1995"
Opening (C30),Opening (C30),1. e4 e5 2. f4 Bc5 3. fxe5 Qh4+ 4. Ke2 Qxe4#,1. e4 e5 2. f4 Bc5 3. fxe5 Qh4+ 4. Ke2 Qxe4#,"Tchineoff - Maillard, Paris 1924"
Opening (C30),Opening (C30),1. e4 e5 2. f4 Bc5 3. Nf3 Nf6 4. fxe5 Nxe4 5. d4 Bb6 6. Bd3,1. e4 e5 2. f4 Bc5 3. Nf3 Nf6 4. fxe5 Nxe4 5. d4 Bb6 6. Bd3,"Fischer, Robert - Straight, Houston 1964"
Opening (C30),Opening (C30),1. e4 e5 2. f4 Bc5 3. Nf3 d6 4. c3 Nf6 5. fxe5 dxe5 6. Nxe5 Nxe4 7. Qa4+ c6 8. Qxe4,1. e4 e5 2. f4 Bc5 3. Nf3 d6 4. c3 Nf6 5. fxe5 dxe5 6. Nxe5 Nxe4 7. Qa4+ c6 8. Qxe4,"De Jonge - Vedenina, Bratislava 1992"
Opening (C30),Opening (C30),1. e4 e5 2. f4 Nc6 3. fxe5 Qh4+ 4. g3 Qxe4+ 5. Qe2 Qxh1,1. e4 e5 2. f4 Nc6 3. fxe5 Qh4+ 4. g3 Qxe4+ 5. Qe2 Qxh1,"Boldman - Jansson, Europe 1937"
Opening (C30),Opening (C30),1. e4 e5 2. f4 Nc6 3. f5 Qh4+,1. e4 e5 2. f4 Nc6 3. f5 Qh4+,"Norlin - Guraj, Sweden 1974"
Opening (C31),Opening (C31),1. e4 e5 2. f4 d5 3. Nc3 dxe4 4. Nxe4 exf4 5. Bc4 Qh4+ 6. g3 fxg3 7. Qe2 g2+ 8. Kd1 gxh1=Q 9. Nf6+ Kd8 10. Qe8#,1. e4 e5 2. f4 d5 3. Nc3 dxe4 4. Nxe4 exf4 5. Bc4 Qh4+ 6. g3 fxg3 7. Qe2 g2+ 8. Kd1 gxh1=Q 9. Nf6+ Kd8 10. Qe8#,"Sanders - NN, New York 1910"
Opening (C31),Opening (C31),1. e4 e5 2. f4 d5 3. exd5 c6 4. Qe2 cxd5 5. Qxe5+ Be7 6. Qxg7 Bf6,1. e4 e5 2. f4 d5 3. exd5 c6 4. Qe2 cxd5 5. Qxe5+ Be7 6. Qxg7 Bf6,"NN - Gedult, Paris 1981"
Opening (C31),Opening (C31),1. e4 e5 2. f4 d5 3. exd5 Qxd5 4. Nc3 Qd8 5. Qe2 c6 6. Qxe5+ Be7 7. Qxg7 Bf6 8. Qg3 Bh4,1. e4 e5 2. f4 d5 3. exd5 Qxd5 4. Nc3 Qd8 5. Qe2 c6 6. Qxe5+ Be7 7. Qxg7 Bf6 8. Qg3 Bh4,"Evans, D. - Wall, Bill, Guam 1974"
Opening (C31),Opening (C31),1. e4 e5 2. f4 d5 3. exd5 Qxd5 4. Nc3 Qe6 5. Nf3 exf4+ 6. Kf2 Bd6 7. Bb5+,1. e4 e5 2. f4 d5 3. exd5 Qxd5 4. Nc3 Qe6 5. Nf3 exf4+ 6. Kf2 Bd6 7. Bb5+,"Saxton - Darting, USA 1936"
Opening (C31),Opening (C31),1. e4 e5 2. f4 d5 3. exd5 e4 4. Nc3 Nf6 5. d3 Bb4 6. Bd2 O-O 7. dxe4 Re8 8. Bd3 Bxc3 9. Bxc3 Nxe4 10. Bxe4 Rxe4+ 11. Ne2 Bg4,1. e4 e5 2. f4 d5 3. exd5 e4 4. Nc3 Nf6 5. d3 Bb4 6. Bd2 O-O 7. dxe4 Re8 8. Bd3 Bxc3 9. Bxc3 Nxe4 10. Bxe4 Rxe4+ 11. Ne2 Bg4,"CobaltBlue - Wall, Bill, Internet 1996"
Opening (C31),Opening (C31),1. e4 e5 2. f4 d5 3. exd5 e4 4. Nc3 Nf6 5. Qe2 Bf5 6. Nxe4 Nxe4 7. d3 Qh4+ 8. g3 Qe7 9. dxe4 Bxe4,1. e4 e5 2. f4 d5 3. exd5 e4 4. Nc3 Nf6 5. Qe2 Bf5 6. Nxe4 Nxe4 7. d3 Qh4+ 8. g3 Qe7 9. dxe4 Bxe4,"Mascotti - Gedult, France 1977"
Opening (C32),Opening (C32),1. e4 e5 2. f4 d5 3. exd5 e4 4. d3 Nf6 5. Nd2 exd3 6. Bxd3 Nxd5 7. Ne2 Ne3,1. e4 e5 2. f4 d5 3. exd5 e4 4. d3 Nf6 5. Nd2 exd3 6. Bxd3 Nxd5 7. Ne2 Ne3,"Bowlby - Cooledge, USA 1979"
Opening (C32),Opening (C32),1. e4 e5 2. f4 d5 3. exd5 e4 4. d3 Nf6 5. Qe2 Bf5 6. dxe4 Bxe4 7. Nc3 Bb4 8. Qb5+,1. e4 e5 2. f4 d5 3. exd5 e4 4. d3 Nf6 5. Qe2 Bf5 6. dxe4 Bxe4 7. Nc3 Bb4 8. Qb5+,"Babaev - Moskoviev, USSR 1988"
Opening (C32),Opening (C32),1. e4 e5 2. f4 d5 3. exd5 e4 4. d3 Nf6 5. dxe4 Nxe4 6. Nc3 Qh4+ 7. g3 Nxg3 8. Nf3 Qe7+ 9. Kf2 Nxh1+,1. e4 e5 2. f4 d5 3. exd5 e4 4. d3 Nf6 5. dxe4 Nxe4 6. Nc3 Qh4+ 7. g3 Nxg3 8. Nf3 Qe7+ 9. Kf2 Nxh1+,"NN - Olson, Boston 1979"
Opening (C32),Opening (C32),1. e4 e5 2. f4 d5 3. exd5 e4 4. d3 Nf6 5. dxe4 Nxe4 6. Nf3 Bb4+ 7. c3 Bc5 8. Qa4+,1. e4 e5 2. f4 d5 3. exd5 e4 4. d3 Nf6 5. dxe4 Nxe4 6. Nf3 Bb4+ 7. c3 Bc5 8. Qa4+,"Tagnon - Jojic, Paris 1985"
Opening (C32),Opening (C32),1. e4 e5 2. f4 d5 3. exd5 e4 4. d3 Nf6 5. dxe4 Nxe4 6. Nf3 Bc5 7. Bd3 f5 8. Ne5 Qh4+ 9. g3 Nxg3 10. d6 Ne4+ 11. Kf1 Qf2#,1. e4 e5 2. f4 d5 3. exd5 e4 4. d3 Nf6 5. dxe4 Nxe4 6. Nf3 Bc5 7. Bd3 f5 8. Ne5 Qh4+ 9. g3 Nxg3 10. d6 Ne4+ 11. Kf1 Qf2#,"Fenton - Tosato, Internet 1995"
Opening (C31),Opening (C31),1. e4 e5 2. f4 d5 3. fxe5 Qh4+ 4. g3 Qxe4+ 5. Kf2 Bc5+,1. e4 e5 2. f4 d5 3. fxe5 Qh4+ 4. g3 Qxe4+ 5. Kf2 Bc5+,"Van Arkel - Welling, Netherlands 1974"
Opening (C31),Opening (C31),1. e4 e5 2. f4 d5 3. Nf3 Bc5 4. Nc3 Nf6 5. Nxe5 dxe4 6. Qe2 Nc6 7. Nxf7 Qe7 8. Nxh8 Nd4 9. Qd1 Nf3+ 10. Ke2 Bg4 11. h3 Nd5,1. e4 e5 2. f4 d5 3. Nf3 Bc5 4. Nc3 Nf6 5. Nxe5 dxe4 6. Qe2 Nc6 7. Nxf7 Qe7 8. Nxh8 Nd4 9. Qd1 Nf3+ 10. Ke2 Bg4 11. h3 Nd5,"Etlinger - Janowski, New York 1898"
Opening (C31),Opening (C31),1. e4 e5 2. f4 d5 3. Nf3 dxe4 4. Nxe5 Nf6 5. Bc4 Nd5 6. Nxf7 Kxf7 7. Qh5+,1. e4 e5 2. f4 d5 3. Nf3 dxe4 4. Nxe5 Nf6 5. Bc4 Nd5 6. Nxf7 Kxf7 7. Qh5+,"Rivaud - Terraz, Europe 1991"
Opening (C30),Opening (C30),1. e4 e5 2. f4 d6 3. Nf3 Nc6 4. Bc4 Qf6 5. Nc3 Qxf4 6. O-O Nge7 7. d4 Qg4 8. Bxf7+ Kxf7 9. Nxe5+ Kg8 10. Nxg4,1. e4 e5 2. f4 d6 3. Nf3 Nc6 4. Bc4 Qf6 5. Nc3 Qxf4 6. O-O Nge7 7. d4 Qg4 8. Bxf7+ Kxf7 9. Nxe5+ Kg8 10. Nxg4,"Noy - Zurowsky, Internet 1996"
Opening (C30),Opening (C30),1. e4 e5 2. f4 f6 3. fxe5 Nc6 4. d4 Be7 5. exf6 gxf6 6. Qh5+ Kf8 7. Bc4 Qe8 8. Bh6+,1. e4 e5 2. f4 f6 3. fxe5 Nc6 4. d4 Be7 5. exf6 gxf6 6. Qh5+ Kf8 7. Bc4 Qe8 8. Bh6+,"Fischer, Robert - Jones, Detroit 1964"
Opening (C30),Opening (C30),1. e4 e5 2. f4 f6 3. fxe5 fxe5 4. Qh5+ g6 5. Qxe5+,1. e4 e5 2. f4 f6 3. fxe5 fxe5 4. Qh5+ g6 5. Qxe5+,"Burk, V. - Walthour, Dayton 1982"
Opening (C30),Opening (C30),1. e4 e5 2. f4 f5 3. exf5 e4 4. Qh5+ g6 5. fxg6 Nf6 6. Qe5+ Be7 7. d3 Nc6 8. Qg5 h6 9. g7 Rg8 10. Qg6#,1. e4 e5 2. f4 f5 3. exf5 e4 4. Qh5+ g6 5. fxg6 Nf6 6. Qe5+ Be7 7. d3 Nc6 8. Qg5 h6 9. g7 Rg8 10. Qg6#,"Leray - De Castet, Paris 1989"
Opening (E90),Opening (E90),1. d4 Nf6 2. c4 g6 3. Nc3 Bg7 4. e4 d6 5. Nf3 O-O 6. Bd3 Bg4 7. h3 Bxf3 8. Qxf3 Nc6 9. Be3 Nd7 10. Ne2 Nde5 11. dxe5 Nxe5,1. d4 Nf6 2. c4 g6 3. Nc3 Bg7 4. e4 d6 5. Nf3 O-O 6. Bd3 Bg4 7. h3 Bxf3 8. Qxf3 Nc6 9. Be3 Nd7 10. Ne2 Nde5 11. dxe5 Nxe5,"Norman - Vidmar, Hastings 1926"
Opening (E90),Opening (E90),1. d4 Nf6 2. c4 g6 3. Nc3 Bg7 4. e4 d6 5. Nf3 O-O 6. h3 b6 7. Bd3 c5 8. e5 dxe5 9. dxe5 Nfd7 10. Be4,1. d4 Nf6 2. c4 g6 3. Nc3 Bg7 4. e4 d6 5. Nf3 O-O 6. h3 b6 7. Bd3 c5 8. e5 dxe5 9. dxe5 Nfd7 10. Be4,"Wall, Bill - Gant, R., Hickory 1978"
Opening (E85),Opening (E85),1. d4 Nf6 2. c4 g6 3. Nc3 Bg7 4. e4 d6 5. f3 O-O 6. Be3 e5 7. Qd2 c6 8. O-O-O a6 9. dxe5 Ne8 10. exd6,1. d4 Nf6 2. c4 g6 3. Nc3 Bg7 4. e4 d6 5. f3 O-O 6. Be3 e5 7. Qd2 c6 8. O-O-O a6 9. dxe5 Ne8 10. exd6,"Feijtens - van der Heiden, Netherlands 1982"
Opening (E76),Opening (E76),1. d4 Nf6 2. c4 g6 3. Nc3 Bg7 4. e4 d6 5. f4 O-O 6. Nf3 Re8 7. Be2 Nbd7 8. e5 Ng4 9. e6 Ndf6 10. exf7+ Kxf7 11. h3 Nh6 12. g4 Nd7 13. Ng5+,1. d4 Nf6 2. c4 g6 3. Nc3 Bg7 4. e4 d6 5. f4 O-O 6. Nf3 Re8 7. Be2 Nbd7 8. e5 Ng4 9. e6 Ndf6 10. exf7+ Kxf7 11. h3 Nh6 12. g4 Nd7 13. Ng5+,"Atkins - Conde, England 1925"
Opening (E70),Opening (E70),1. d4 Nf6 2. c4 g6 3. Nc3 Bg7 4. e4 d6 5. Bg5 O-O 6. Qd2 c5 7. dxc5 dxc5 8. Qxd8 Rxd8 9. Bxf6 Bxf6 10. Nd5 Nc6 11. Nxf6+ exf6 12. Ne2 Nb4 13. Rc1 Nd3+,1. d4 Nf6 2. c4 g6 3. Nc3 Bg7 4. e4 d6 5. Bg5 O-O 6. Qd2 c5 7. dxc5 dxc5 8. Qxd8 Rxd8 9. Bxf6 Bxf6 10. Nd5 Nc6 11. Nxf6+ exf6 12. Ne2 Nb4 13. Rc1 Nd3+,"Wittgenstein - Atkinson, Pennsylvania 1970"
Opening (A01),Opening (A01),1. b3 b6 2. Bb2 Bb7 3. f4 e6 4. Nf3 Nf6 5. c4 Bd6 6. Ne5 Bxe5 7. Bxe5 Ng4 8. Bb2 Bxg2 9. Bxg2 Qh4+ 10. Kf1 Qf2#,1. b3 b6 2. Bb2 Bb7 3. f4 e6 4. Nf3 Nf6 5. c4 Bd6 6. Ne5 Bxe5 7. Bxe5 Ng4 8. Bb2 Bxg2 9. Bxg2 Qh4+ 10. Kf1 Qf2#,"Deiber - Delarge, Corr. 1980"
Opening (A01),Opening (A01),1. b3 d5 2. Bb2 e6 3. c4 Nf6 4. Nf3 Bd6 5. e3 O-O 6. Be2 c6 7. O-O b6 8. Qc2 Bb7 9. Ng5 h6 10. Bxf6,1. b3 d5 2. Bb2 e6 3. c4 Nf6 4. Nf3 Bd6 5. e3 O-O 6. Be2 c6 7. O-O b6 8. Qc2 Bb7 9. Ng5 h6 10. Bxf6,"Wall, Bill - Johnson, North Carolina 1975"
Opening (A01),Opening (A01),1. b3 d5 2. Bb2 Nf6 3. e3 e6 4. f4 g6 5. g4 Bg7 6. Be2 Nxg4 7. Bxg4 Bxb2,1. b3 d5 2. Bb2 Nf6 3. e3 e6 4. f4 g6 5. g4 Bg7 6. Be2 Nxg4 7. Bxg4 Bxb2,"Johansen - Budde, Wuppertal 1986"
Opening (A01),Opening (A01),1. b3 d5 2. Bb2 Nf6 3. Nf3 c5 4. e3 Nc6 5. Be2 e6 6. c4 Bd6 7. d4 cxd4 8. cxd5 Qa5+ 9. Qd2 Bb4,1. b3 d5 2. Bb2 Nf6 3. Nf3 c5 4. e3 Nc6 5. Be2 e6 6. c4 Bd6 7. d4 cxd4 8. cxd5 Qa5+ 9. Qd2 Bb4,"Girard - Bruneau, France 1989"
Opening (A01),Opening (A01),1. b3 c5 2. Bb2 f6 3. e4 e5 4. Bxe5 fxe5 5. Qh5+ g6 6. Qxe5+ Qe7 7. Qxh8 Qxe4+ 8. Be2 Qxg2 9. Bf3,1. b3 c5 2. Bb2 f6 3. e4 e5 4. Bxe5 fxe5 5. Qh5+ g6 6. Qxe5+ Qe7 7. Qxh8 Qxe4+ 8. Be2 Qxg2 9. Bf3,"Wall, Bill - Jennings, San Antonio 1996"
Opening (A01),Opening (A01),1. b3 Nf6 2. Bb2 d6 3. f4 e5 4. fxe5 dxe5 5. Bxe5 Ng4 6. Bg3 h5 7. h3 Bd6 8. Bxd6 Qh4+ 9. Bg3 Qxg3#,1. b3 Nf6 2. Bb2 d6 3. f4 e5 4. fxe5 dxe5 5. Bxe5 Ng4 6. Bg3 h5 7. h3 Bd6 8. Bxd6 Qh4+ 9. Bg3 Qxg3#,"Shibut - Pugh, Philadelphia 1983"
Opening (A01),Opening (A01),1. b3 Nf6 2. Bb2 d5 3. e3 e6 4. f4 g6 5. g4 Bg7 6. Be2 Nxg4 7. Bxg7 Qh4+ 8. Kf1 Qf2#,1. b3 Nf6 2. Bb2 d5 3. e3 e6 4. f4 g6 5. g4 Bg7 6. Be2 Nxg4 7. Bxg7 Qh4+ 8. Kf1 Qf2#,"Johansen - Budde, Germany 1980"
Opening (C41),Opening (C41),1. e4 e5 2. Nf3 f5 3. Nc3 d6 4. d4 Nf6 5. dxe5 Nxe4 6. Nxe4 fxe4 7. Ng5 Bf5 8. Qd5 Qd7 9. Qxb7,1. e4 e5 2. Nf3 f5 3. Nc3 d6 4. d4 Nf6 5. dxe5 Nxe4 6. Nxe4 fxe4 7. Ng5 Bf5 8. Qd5 Qd7 9. Qxb7,"Sergeant - Senneck, England 1946"
Opening (C50),Opening (C50),1. e4 e5 2. Nf3 f5 3. Bc4 Nc6 4. d4 Qe7 5. O-O fxe4 6. Ng5 Nf6 7. Bf7+ Kd8 8. dxe5 Nxe5 9. Ne6+,1. e4 e5 2. Nf3 f5 3. Bc4 Nc6 4. d4 Qe7 5. O-O fxe4 6. Ng5 Nf6 7. Bf7+ Kd8 8. dxe5 Nxe5 9. Ne6+,"Gunderam - Grava, Corr. 1970"
Opening (C40),Opening (C40),1. e4 e5 2. Nf3 f5 3. Bc4 d5 4. Bxd5 Nf6 5. Bb3 Nxe4 6. Nxe5 Nxf2 7. Qh5+ g6 8. Bf7+ Ke7 9. Qg5+ Kd6 10. Qxd8+,1. e4 e5 2. Nf3 f5 3. Bc4 d5 4. Bxd5 Nf6 5. Bb3 Nxe4 6. Nxe5 Nxf2 7. Qh5+ g6 8. Bf7+ Ke7 9. Qg5+ Kd6 10. Qxd8+,"Robins - Anders, Corr. 1970"
Opening (C40),Opening (C40),1. e4 e5 2. Nf3 f5 3. d3 Nc6 4. Nc3 Nf6 5. Bg5 h6 6. Bxf6 Qxf6 7. Nd5 Qd8 8. Nd4 Ne7 9. Nxf5 c6 10. Nd6#,1. e4 e5 2. Nf3 f5 3. d3 Nc6 4. Nc3 Nf6 5. Bg5 h6 6. Bxf6 Qxf6 7. Nd5 Qd8 8. Nd4 Ne7 9. Nxf5 c6 10. Nd6#,"Kranzle - Krause, Mannheim 1939"
Opening (C40),Opening (C40),1. e4 e5 2. Nf3 f5 3. d4 fxe4 4. Nxe5 d6 5. Qh5+ Ke7 6. Qf7#,1. e4 e5 2. Nf3 f5 3. d4 fxe4 4. Nxe5 d6 5. Qh5+ Ke7 6. Qf7#,"Cornelissen - NN, Eindhoven 1974"
Opening (C40),Opening (C40),1. e4 e5 2. Nf3 f5 3. Nxe5 Qe7 4. Qh5+ g6 5. Nxg6 Qxe4+ 6. Kd1 Nf6 7. Qh3 hxg6 8. Qxh8 Ng4 9. Qh4 Ne3+,1. e4 e5 2. Nf3 f5 3. Nxe5 Qe7 4. Qh5+ g6 5. Nxg6 Qxe4+ 6. Kd1 Nf6 7. Qh3 hxg6 8. Qxh8 Ng4 9. Qh4 Ne3+,"NN - Greco, Italy 1620"
Opening (C40),Opening (C40),1. e4 e5 2. Nf3 f5 3. Nxe5 Qe7 4. Qh5+ g6 5. Nxg6 Qxe4+ 6. Be2 Nf6 7. Qf3 hxg6,1. e4 e5 2. Nf3 f5 3. Nxe5 Qe7 4. Qh5+ g6 5. Nxg6 Qxe4+ 6. Be2 Nf6 7. Qf3 hxg6,"Sitter - Wall, Bill, Internet 1997"
Opening (C40),Opening (C40),1. e4 e5 2. Nf3 f5 3. Nxe5 Qf6 4. d4 d6 5. Nf3 fxe4 6. Bg5 Qg6 7. Qe2 Be7 8. Bxe7 exf3 9. Qxf3 Nxe7,1. e4 e5 2. Nf3 f5 3. Nxe5 Qf6 4. d4 d6 5. Nf3 fxe4 6. Bg5 Qg6 7. Qe2 Be7 8. Bxe7 exf3 9. Qxf3 Nxe7,"Deronne - Gedult, Paris 1975"
Opening (B00),Opening (B00),1. e4 Nc6 2. d4 b6 3. c3 Bb7 4. Nf3 Nf6 5. e5 Nh5 6. g4,1. e4 Nc6 2. d4 b6 3. c3 Bb7 4. Nf3 Nf6 5. e5 Nh5 6. g4,"Wall, Bill - Trogdon, T., Dayton 1980"
Opening (B00),Opening (B00),1. e4 Nc6 2. d4 d5 3. exd5 Qxd5 4. Nc3 Qxd4 5. Qe2 Bg4 6. f3 Bh5 7. Be3 Qb4 8. O-O-O a6 9. Nd5 Qa5 10. Bb6,1. e4 Nc6 2. d4 d5 3. exd5 Qxd5 4. Nc3 Qxd4 5. Qe2 Bg4 6. f3 Bh5 7. Be3 Qb4 8. O-O-O a6 9. Nd5 Qa5 10. Bb6,"Clews - Ellison, Corr. 1985"
Opening (B00),Opening (B00),1. e4 Nc6 2. d4 d5 3. exd5 Qxd5 4. Nf3 Bg4 5. Be2 Bxf3 6. Bxf3 Qxd4 7. Bxc6+ bxc6 8. Qxd4,1. e4 Nc6 2. d4 d5 3. exd5 Qxd5 4. Nf3 Bg4 5. Be2 Bxf3 6. Bxf3 Qxd4 7. Bxc6+ bxc6 8. Qxd4,"Belmondo - Gilardi, France 1989"
Opening (B00),Opening (B00),1. e4 Nc6 2. d4 e5 3. d5 Nd4 4. c3,1. e4 Nc6 2. d4 e5 3. d5 Nd4 4. c3,"Wall, Bill - Lovegren, R., Dayton 1980"
Opening (B00),Opening (B00),1. e4 Nc6 2. d4 e5 3. d5 Nce7 4. c4 Ng6 5. Nf3 Bc5 6. Nc3 d6 7. Na4 Bb6 8. b4 Nf6 9. Bg5 Bxf2+ 10. Ke2 Nxe4 11. Bxd8 Nf4#,1. e4 Nc6 2. d4 e5 3. d5 Nce7 4. c4 Ng6 5. Nf3 Bc5 6. Nc3 d6 7. Na4 Bb6 8. b4 Nf6 9. Bg5 Bxf2+ 10. Ke2 Nxe4 11. Bxd8 Nf4#,"Siegemund - Eger, Germany 1979"
Opening (B00),Opening (B00),1. e4 Nc6 2. d4 e5 3. dxe5 Nxe5 4. Nf3 Qf6 5. Nxe5 Qxe5 6. Bd3 Bc5 7. O-O Nf6 8. Nc3 d6 9. h3 Bxh3 10. Nd5 Qg3 11. Nxf6+ gxf6 12. Qf3 Qxf3 13. gxf3 Rg8+,1. e4 Nc6 2. d4 e5 3. dxe5 Nxe5 4. Nf3 Qf6 5. Nxe5 Qxe5 6. Bd3 Bc5 7. O-O Nf6 8. Nc3 d6 9. h3 Bxh3 10. Nd5 Qg3 11. Nxf6+ gxf6 12. Qf3 Qxf3 13. gxf3 Rg8+,"Bouillon - Schwab, Germany 1991"
Opening (B00),Opening (B00),1. e4 Nc6 2. Nf3 d5 3. exd5 Qxd5 4. Nc3 Qa5 5. d4 Bf5 6. Bb5 e6 7. Ne5 Bb4 8. Bd2 Nge7 9. Nc4,1. e4 Nc6 2. Nf3 d5 3. exd5 Qxd5 4. Nc3 Qa5 5. d4 Bf5 6. Bb5 e6 7. Ne5 Bb4 8. Bd2 Nge7 9. Nc4,"Amberger - Sprecher, Munich 1924"
Opening (B00),Opening (B00),1. e4 Nc6 2. Nf3 d6 3. d4 Bg4 4. d5 Ne5 5. Nxe5 Bxd1 6. Bb5+ Qd7 7. Bxd7+ Kd8 8. Nxf7+ Kxd7 9. Kxd1,1. e4 Nc6 2. Nf3 d6 3. d4 Bg4 4. d5 Ne5 5. Nxe5 Bxd1 6. Bb5+ Qd7 7. Bxd7+ Kd8 8. Nxf7+ Kxd7 9. Kxd1,"Donaldson - NN, USA 1988"
Opening (E00),Opening (E00),1. d4 Nf6 2. c4 e6 3. Nc3 b6 4. e4 Bb4 5. Bd3 d6 6. Qa4+,1. d4 Nf6 2. c4 e6 3. Nc3 b6 4. e4 Bb4 5. Bd3 d6 6. Qa4+,"Buchanan - Rojas, Boulder 1982"
Opening (E23),Opening (E23),1. d4 Nf6 2. c4 e6 3. Nc3 Bb4 4. Qb3 c5 5. dxc5 Nc6 6. Nf3 Ne4 7. Bd2 Nxd2 8. Nxd2 Qa5 9. O-O-O Nd4 10. Qa4 Bxc3,1. d4 Nf6 2. c4 e6 3. Nc3 Bb4 4. Qb3 c5 5. dxc5 Nc6 6. Nf3 Ne4 7. Bd2 Nxd2 8. Nxd2 Qa5 9. O-O-O Nd4 10. Qa4 Bxc3,"Hansen - Jensen, Denmark 1945"
Opening (E22),Opening (E22),1. d4 Nf6 2. c4 e6 3. Nc3 Bb4 4. Qb3 Qe7 5. a3 Bxc3+ 6. Qxc3 Ne4 7. Qc2 d5 8. b3 c5 9. dxc5 Qf6,1. d4 Nf6 2. c4 e6 3. Nc3 Bb4 4. Qb3 Qe7 5. a3 Bxc3+ 6. Qxc3 Ne4 7. Qc2 d5 8. b3 c5 9. dxc5 Qf6,"Foley, D. - Wall, Bill, Dayton 1982"
Opening (E33),Opening (E33),1. d4 Nf6 2. c4 e6 3. Nc3 Bb4 4. Qc2 Nc6 5. Nf3 d6 6. Bg5 e5 7. d5 Ne7 8. Qa4+,1. d4 Nf6 2. c4 e6 3. Nc3 Bb4 4. Qc2 Nc6 5. Nf3 d6 6. Bg5 e5 7. d5 Ne7 8. Qa4+,"Reggi - Ciric, Reggio Emilia 1975"
Opening (E45),Opening (E45),1. d4 Nf6 2. c4 e6 3. Nc3 Bb4 4. e3 b6 5. Nge2 Ba6 6. Ng3 d5 7. Qa4+,1. d4 Nf6 2. c4 e6 3. Nc3 Bb4 4. e3 b6 5. Nge2 Ba6 6. Ng3 d5 7. Qa4+,"Timman - Cosulich, Venice 1974"
Opening (E20),Opening (E20),1. d4 Nf6 2. c4 e6 3. Nc3 Bb4 4. g3 c5 5. Nf3 cxd4 6. Nxd4 Ne4 7. Qc2 Qa5 8. Nb3 Qf5,1. d4 Nf6 2. c4 e6 3. Nc3 Bb4 4. g3 c5 5. Nf3 cxd4 6. Nxd4 Ne4 7. Qc2 Qa5 8. Nb3 Qf5,"Van Mil - Witt, Amsterdam 1975"
Opening (E30),Opening (E30),1. d4 Nf6 2. c4 e6 3. Nc3 Bb4 4. Bg5 c5 5. e3 Qa5 6. Rc1 Ne4 7. Nf3 Nxg5 8. Nxg5 cxd4,1. d4 Nf6 2. c4 e6 3. Nc3 Bb4 4. Bg5 c5 5. e3 Qa5 6. Rc1 Ne4 7. Nf3 Nxg5 8. Nxg5 cxd4,"Layne - Zwaig, Reykjavik 1975"
Opening (A53),Opening (A53),1. d4 Nf6 2. c4 d6 3. Nc3 Nbd7 4. e4 g6 5. f4 c5 6. d5 Qa5 7. Bd2 Nb6 8. Nb5,1. d4 Nf6 2. c4 d6 3. Nc3 Nbd7 4. e4 g6 5. f4 c5 6. d5 Qa5 7. Bd2 Nb6 8. Nb5,"van der Heiden - Salam, Europe 1978"
Opening (A53),Opening (A53),1. d4 Nf6 2. c4 d6 3. Nc3 e5 4. dxe5 dxe5 5. Bg5 Nbd7 6. Nf3 c6 7. Ne4 Nxe4 8. Bxd8 Bb4+ 9. Nd2 Bxd2+ 10. Qxd2 Nxd2 11. Kxd2 Kxd8,1. d4 Nf6 2. c4 d6 3. Nc3 e5 4. dxe5 dxe5 5. Bg5 Nbd7 6. Nf3 c6 7. Ne4 Nxe4 8. Bxd8 Bb4+ 9. Nd2 Bxd2+ 10. Qxd2 Nxd2 11. Kxd2 Kxd8,"Koukolik - Sykora, Europe 1994"
Opening (A53),Opening (A53),1. d4 Nf6 2. c4 d6 3. Nc3 e5 4. e4 exd4 5. Qxd4 g6 6. Bg5 Bg7 7. e5 dxe5 8. Qxd8+ Kxd8 9. Nd5 Nbd7 10. Rd1,1. d4 Nf6 2. c4 d6 3. Nc3 e5 4. e4 exd4 5. Qxd4 g6 6. Bg5 Bg7 7. e5 dxe5 8. Qxd8+ Kxd8 9. Nd5 Nbd7 10. Rd1,"Sonntag - Auer, Porz 1990"
Opening (A53),Opening (A53),1. d4 Nf6 2. c4 d6 3. Nc3 Bf5 4. f3 e5 5. dxe5 dxe5 6. Qxd8+ Kxd8 7. Bg5 c6 8. O-O-O+ Kc7 9. g3 Be6 10. b3 Bc5 11. Bh3 Bxg1 12. Rhxg1 Bxh3 13. g4 h5 14. Rg3 hxg4 15. fxg4 Nbd7,1. d4 Nf6 2. c4 d6 3. Nc3 Bf5 4. f3 e5 5. dxe5 dxe5 6. Qxd8+ Kxd8 7. Bg5 c6 8. O-O-O+ Kc7 9. g3 Be6 10. b3 Bc5 11. Bh3 Bxg1 12. Rhxg1 Bxh3 13. g4 h5 14. Rg3 hxg4 15. fxg4 Nbd7,"Visier - Tal, Palma de Mallorca 1966"
Opening (A53),Opening (A53),1. d4 Nf6 2. c4 d6 3. Nf3 Nc6 4. Nc3 Bg4 5. d5 Ne5 6. Nd2 Nd3+,1. d4 Nf6 2. c4 d6 3. Nf3 Nc6 4. Nc3 Bg4 5. d5 Ne5 6. Nd2 Nd3+,"Wehnert - Metsjkarov, Bulgaria 1970"
Opening (B00),Opening (B00),1. e4 b6 2. c4 Bb7 3. Nc3 Nf6 4. e5 Ne4 5. Qf3 Nxc3 6. Qxb7 Nc6 7. Qa6 Nb4,1. e4 b6 2. c4 Bb7 3. Nc3 Nf6 4. e5 Ne4 5. Qf3 Nxc3 6. Qxb7 Nc6 7. Qa6 Nb4,"Bamber - Chranowski, Corr. 1986"
Opening (B00),Opening (B00),1. e4 b6 2. Bc4 Bb7 3. Qf3 e6 4. d4 Nc6 5. d5 Nd4 6. Qc3 Bb4 7. Qxb4 Nxc2+,1. e4 b6 2. Bc4 Bb7 3. Qf3 e6 4. d4 Nc6 5. d5 Nd4 6. Qc3 Bb4 7. Qxb4 Nxc2+,"Roberts - Wall, Bill, South Carolina 1970"
Opening (B00),Opening (B00),1. e4 b6 2. Bc4 Bb7 3. Nf3 Bxe4 4. Ng5 Bg6 5. h4 f6 6. h5,1. e4 b6 2. Bc4 Bb7 3. Nf3 Bxe4 4. Ng5 Bg6 5. h4 f6 6. h5,"Smith, O. - Bej, Philadelphia 1898"
Opening (B00),Opening (B00),1. e4 b6 2. d3 Bb7 3. Nc3 c5 4. Bf4 Nc6 5. Nf3 d6 6. d4 Nxd4 7. Nxd4 cxd4 8. Bb5+,1. e4 b6 2. d3 Bb7 3. Nc3 c5 4. Bf4 Nc6 5. Nf3 d6 6. d4 Nxd4 7. Nxd4 cxd4 8. Bb5+,"Wenger - Cornell, Internet 1995"
Opening (B00),Opening (B00),1. e4 b6 2. d4 Bb7 3. Nc3 e6 4. Bd3 Nf6 5. Nge2 d5 6. e5 Nfd7 7. Nf4 c5 8. Nxe6 Qe7 9. Nxd5 Bxd5 10. Nc7+ Kd8 11. Nxd5,1. e4 b6 2. d4 Bb7 3. Nc3 e6 4. Bd3 Nf6 5. Nge2 d5 6. e5 Nfd7 7. Nf4 c5 8. Nxe6 Qe7 9. Nxd5 Bxd5 10. Nc7+ Kd8 11. Nxd5,"Bhend - Schneiders, Europe 1985"
Opening (B00),Opening (B00),1. e4 b6 2. d4 Bb7 3. Bd3 f5 4. exf5 Bxg2 5. Qh5+ g6 6. Nf3 Bxh1 7. fxg6 Nf6 8. gxh7+ Nxh5 9. Bg6#,1. e4 b6 2. d4 Bb7 3. Bd3 f5 4. exf5 Bxg2 5. Qh5+ g6 6. Nf3 Bxh1 7. fxg6 Nf6 8. gxh7+ Nxh5 9. Bg6#,"Greco - NN, Italy 1620"
Opening (B00),Opening (B00),1. e4 b6 2. d4 Nf6 3. e5 Ne4 4. Bd3 Bb7 5. f3,1. e4 b6 2. d4 Nf6 3. e5 Ne4 4. Bd3 Bb7 5. f3,"Wall, Bill - Dangermouse, Internet 1996"
Opening (C42),Opening (C42),1. e4 e5 2. Nf3 Nf6 3. Bb5 c6 4. Bc4 Nxe4 5. d3 Nf6 6. Nxe5 Qa5+,1. e4 e5 2. Nf3 Nf6 3. Bb5 c6 4. Bc4 Nxe4 5. d3 Nf6 6. Nxe5 Qa5+,"Malloy - Powell, Internet 1995"
Opening (C42),Opening (C42),1. e4 e5 2. Nf3 Nf6 3. Nc3 d5 4. exd5 Bg4 5. Be2 Bd6 6. d4 exd4 7. Qxd4 O-O 8. Bg5 h6 9. Bxf6 Qxf6 10. Qxg4,1. e4 e5 2. Nf3 Nf6 3. Nc3 d5 4. exd5 Bg4 5. Be2 Bd6 6. d4 exd4 7. Qxd4 O-O 8. Bg5 h6 9. Bxf6 Qxf6 10. Qxg4,"Gross - Lien, San Francisco 1974"
Opening (C27),Opening (C27),1. e4 e5 2. Nf3 Nf6 3. Bc4 Nxe4 4. Nc3 Nxc3 5. dxc3 d5 6. Bxd5 c6 7. Bxf7+,1. e4 e5 2. Nf3 Nf6 3. Bc4 Nxe4 4. Nc3 Nxc3 5. dxc3 d5 6. Bxd5 c6 7. Bxf7+,"Kaspareit - Paulsen, Germany 1991"
Opening (C42),Opening (C42),1. e4 e5 2. Nf3 Nf6 3. Bc4 Nxe4 4. Bxf7+ Kxf7 5. Nxe5+ Kg8 6. O-O d6 7. Qf3 dxe5 8. Qb3+,1. e4 e5 2. Nf3 Nf6 3. Bc4 Nxe4 4. Bxf7+ Kxf7 5. Nxe5+ Kg8 6. O-O d6 7. Qf3 dxe5 8. Qb3+,"Robinson - Davie, USA 1916"
Opening (C42),Opening (C42),1. e4 e5 2. Nf3 Nf6 3. Bc4 Nxe4 4. Bxf7+ Kxf7 5. Nxe5+ Kg8 6. O-O d6 7. Qe2 dxe5 8. Qc4+,1. e4 e5 2. Nf3 Nf6 3. Bc4 Nxe4 4. Bxf7+ Kxf7 5. Nxe5+ Kg8 6. O-O d6 7. Qe2 dxe5 8. Qc4+,"Tg - Lai, Kuala Lumpar 1992"
Opening (C42),Opening (C42),1. e4 e5 2. Nf3 Nf6 3. Bc4 Be7 4. Nxe5 d6 5. Nxf7 Qd7 6. Nxh8,1. e4 e5 2. Nf3 Nf6 3. Bc4 Be7 4. Nxe5 d6 5. Nxf7 Qd7 6. Nxh8,"Dekker - Copier, Haarlem 1996"
Opening (C43),Opening (C43),1. e4 e5 2. Nf3 Nf6 3. d4 exd4 4. Nxd4 Qe7 5. Nb5 Nxe4 6. Nxc7+ Kd8 7. Nxa8 Nc3+,1. e4 e5 2. Nf3 Nf6 3. d4 exd4 4. Nxd4 Qe7 5. Nb5 Nxe4 6. Nxc7+ Kd8 7. Nxa8 Nc3+,"Frank - Schiller, E., New York 1970"
Opening (C43),Opening (C43),1. e4 e5 2. Nf3 Nf6 3. d4 exd4 4. e5 Ne4 5. Qe2 Bb4+ 6. Kd1 Nc5 7. Bg5 d3 8. cxd3 f6 9. exf6+ Kf7 10. Ne5+ Ke6 11. Nc6+,1. e4 e5 2. Nf3 Nf6 3. d4 exd4 4. e5 Ne4 5. Qe2 Bb4+ 6. Kd1 Nc5 7. Bg5 d3 8. cxd3 f6 9. exf6+ Kf7 10. Ne5+ Ke6 11. Nc6+,"Fischer, Robert - Chalkner, Houston 1964"
Opening (C43),Opening (C43),1. e4 e5 2. Nf3 Nf6 3. d4 exd4 4. e5 Qe7 5. Be2 Ne4 6. O-O Nc6 7. Re1 b6 8. Bc4 Nc5 9. Bg5,1. e4 e5 2. Nf3 Nf6 3. d4 exd4 4. e5 Qe7 5. Be2 Ne4 6. O-O Nc6 7. Re1 b6 8. Bc4 Nc5 9. Bg5,"Muir - Johnson, Virginia 1987"
Opening (C43),Opening (C43),1. e4 e5 2. Nf3 Nf6 3. d4 Nxe4 4. Nxe5 d5 5. Bd3 Bd6 6. f3 Qh4+ 7. g3 Nxg3,1. e4 e5 2. Nf3 Nf6 3. d4 Nxe4 4. Nxe5 d5 5. Bd3 Bd6 6. f3 Qh4+ 7. g3 Nxg3,"Hayes, D. - Wall, Bill, Dayton 1980"
Opening (C43),Opening (C43),1. e4 e5 2. Nf3 Nf6 3. d4 Nxe4 4. Nxe5 d5 5. Qf3 Be6 6. Bd3 Bd6 7. Bxe4 dxe4 8. Qxe4 Bxe5 9. Qxb7 Bxd4 10. Qxa8 Bd5,1. e4 e5 2. Nf3 Nf6 3. d4 Nxe4 4. Nxe5 d5 5. Qf3 Be6 6. Bd3 Bd6 7. Bxe4 dxe4 8. Qxe4 Bxe5 9. Qxb7 Bxd4 10. Qxa8 Bd5,"Pennell, G. - Wall, Bill, North Carolina 1975"
Opening (C42),Opening (C42),1. e4 e5 2. Nf3 Nf6 3. Nxe5 Nc6 4. Nxc6 dxc6 5. e5 Ne4 6. d3 Bc5 7. dxe4 Bxf2+,1. e4 e5 2. Nf3 Nf6 3. Nxe5 Nc6 4. Nxc6 dxc6 5. e5 Ne4 6. d3 Bc5 7. dxe4 Bxf2+,"Lowens - Stafford, Corr. 1950"
Opening (C42),Opening (C42),1. e4 e5 2. Nf3 Nf6 3. Nxe5 d6 4. Nf3 Nxe4 5. Nc3 Bf5 6. Qe2,1. e4 e5 2. Nf3 Nf6 3. Nxe5 d6 4. Nf3 Nxe4 5. Nc3 Bf5 6. Qe2,"Zapata - Anand, Biel 1988"
Opening (C42),Opening (C42),1. e4 e5 2. Nf3 Nf6 3. Nxe5 d6 4. Nf3 Nxe4 5. d4 Qe7 6. Be2 Bg4 7. O-O Nd7 8. Re1 O-O-O 9. Nfd2 f5 10. Bxg4 fxg4 11. Nxe4,1. e4 e5 2. Nf3 Nf6 3. Nxe5 d6 4. Nf3 Nxe4 5. d4 Qe7 6. Be2 Bg4 7. O-O Nd7 8. Re1 O-O-O 9. Nfd2 f5 10. Bxg4 fxg4 11. Nxe4,"Revelle - Cornell, Internet 1997"
Opening (C42),Opening (C42),1. e4 e5 2. Nf3 Nf6 3. Nxe5 d6 4. Nf3 Bg4 5. Nc3 Qe7 6. d3 g6 7. Bg5 Bxf3 8. Qxf3 Bg7 9. Nd5,1. e4 e5 2. Nf3 Nf6 3. Nxe5 d6 4. Nf3 Bg4 5. Nc3 Qe7 6. d3 g6 7. Bg5 Bxf3 8. Qxf3 Bg7 9. Nd5,"Wall, Bill - Pathfinder, Internet 1996"
Opening (C42),Opening (C42),1. e4 e5 2. Nf3 Nf6 3. Nxe5 d6 4. Nxf7 Kxf7 5. d4 Nxe4 6. Qh5+ Ke7 7. Qe2 d5 8. Bg5+,1. e4 e5 2. Nf3 Nf6 3. Nxe5 d6 4. Nxf7 Kxf7 5. d4 Nxe4 6. Qh5+ Ke7 7. Qe2 d5 8. Bg5+,"Lazarev - Kundichev, Moscow 1982"
Opening (C42),Opening (C42),1. e4 e5 2. Nf3 Nf6 3. Nxe5 d6 4. Nxf7 Kxf7 5. d4 Nxe4 6. Qh5+ Kg8 7. Qd5+ Be6 8. Qxe6#,1. e4 e5 2. Nf3 Nf6 3. Nxe5 d6 4. Nxf7 Kxf7 5. d4 Nxe4 6. Qh5+ Kg8 7. Qd5+ Be6 8. Qxe6#,"Hess - Born, Germany 1990"
Opening (C42),Opening (C42),1. e4 e5 2. Nf3 Nf6 3. Nxe5 Nxe4 4. Qe2 d5 5. Nc6,1. e4 e5 2. Nf3 Nf6 3. Nxe5 Nxe4 4. Qe2 d5 5. Nc6,"Wall, Bill - Ortiz, Palo Atlo 1989"
Opening (C42),Opening (C42),1. e4 e5 2. Nf3 Nf6 3. Nxe5 Nxe4 4. Qe2 d6 5. Nxf7 Kxf7 6. Qxe4 c6 7. Qf3+ Kg8 8. d4 c5 9. Qd5+ Be6 10. Qxe6#,1. e4 e5 2. Nf3 Nf6 3. Nxe5 Nxe4 4. Qe2 d6 5. Nxf7 Kxf7 6. Qxe4 c6 7. Qf3+ Kg8 8. d4 c5 9. Qd5+ Be6 10. Qxe6#,"Wall, Bill - Fitz, Internet 1996"
Opening (C42),Opening (C42),1. e4 e5 2. Nf3 Nf6 3. Nxe5 Nxe4 4. Nxf7 Kxf7 5. Qh5+ Kf6 6. Qf3+ Ke5 7. d4+ Kxd4 8. Qf5 Qg5 9. c3+ Nxc3 10. bxc3#,1. e4 e5 2. Nf3 Nf6 3. Nxe5 Nxe4 4. Nxf7 Kxf7 5. Qh5+ Kf6 6. Qf3+ Ke5 7. d4+ Kxd4 8. Qf5 Qg5 9. c3+ Nxc3 10. bxc3#,"Beaver - Adler, Internet 1996"
Opening (C42),Opening (C42),1. e4 e5 2. Nf3 Nf6 3. Nxe5 Qe7 4. d4 d6 5. Nf3 Qxe4+ 6. Be2 Nc6 7. Nc3 Qg6 8. Nh4,1. e4 e5 2. Nf3 Nf6 3. Nxe5 Qe7 4. d4 d6 5. Nf3 Qxe4+ 6. Be2 Nc6 7. Nc3 Qg6 8. Nh4,"Yin - Zamora, Rhode Island 1996"
Opening (C41),Opening (C41),1. e4 e5 2. Nf3 d6 3. Nc3 Be6 4. d4 exd4 5. Nxd4 g6 6. Nxe6 fxe6 7. Bc4 e5 8. Qd5,1. e4 e5 2. Nf3 d6 3. Nc3 Be6 4. d4 exd4 5. Nxd4 g6 6. Nxe6 fxe6 7. Bc4 e5 8. Qd5,"Hagesaether - Szuveges, Germany 1992"
Opening (C41),Opening (C41),1. e4 e5 2. Nf3 d6 3. Nc3 Bg4 4. Be2 Nf6 5. O-O d5 6. Nxe5 Bxe2 7. Qxe2 dxe4 8. Nxe4 Nc6 9. Nxc6 bxc6 10. Nxf6#,1. e4 e5 2. Nf3 d6 3. Nc3 Bg4 4. Be2 Nf6 5. O-O d5 6. Nxe5 Bxe2 7. Qxe2 dxe4 8. Nxe4 Nc6 9. Nxc6 bxc6 10. Nxf6#,"Rimmer - Hughes, Internet 1996"
Opening (C41),Opening (C41),1. e4 e5 2. Nf3 d6 3. Bc4 Nc6 4. Nc3 Bg4 5. h3 Bh5 6. Nxe5 Bxd1 7. Bxf7+ Ke7 8. Nd5#,1. e4 e5 2. Nf3 d6 3. Bc4 Nc6 4. Nc3 Bg4 5. h3 Bh5 6. Nxe5 Bxd1 7. Bxf7+ Ke7 8. Nd5#,"Nasser - Mbye, Dubai 1986"
Opening (C41),Opening (C41),1. e4 e5 2. Nf3 d6 3. Bc4 Nf6 4. Nc3 Nbd7 5. Ng5 Qe7 6. Bxf7+ Kd8 7. Bb3 Ke8 8. Nf7,1. e4 e5 2. Nf3 d6 3. Bc4 Nf6 4. Nc3 Nbd7 5. Ng5 Qe7 6. Bxf7+ Kd8 7. Bb3 Ke8 8. Nf7,"Labourey - Dubois, Paris 1989"
Opening (C41),Opening (C41),1. e4 e5 2. Nf3 d6 3. Bc4 g6 4. d4 Nc6 5. dxe5 Nxe5 6. Nxe5 dxe5 7. Bxf7+,1. e4 e5 2. Nf3 d6 3. Bc4 g6 4. d4 Nc6 5. dxe5 Nxe5 6. Nxe5 dxe5 7. Bxf7+,"Wall, Bill - Italiano, Internet 1996"
Opening (C41),Opening (C41),1. e4 e5 2. Nf3 d6 3. Bc4 Bg4 4. Nc3 a6 5. Nxe5 Bxd1 6. Bxf7+ Ke7 7. Nd5#,1. e4 e5 2. Nf3 d6 3. Bc4 Bg4 4. Nc3 a6 5. Nxe5 Bxd1 6. Bxf7+ Ke7 7. Nd5#,"Wall, Bill - Perry, Tacoma 1968"
Opening (C41),Opening (C41),1. e4 e5 2. Nf3 d6 3. Bc4 Bg4 4. Nc3 Nf6 5. O-O Nxe4 6. Nxe5 Bxd1 7. Bxf7+ Ke7 8. Nd5#,1. e4 e5 2. Nf3 d6 3. Bc4 Bg4 4. Nc3 Nf6 5. O-O Nxe4 6. Nxe5 Bxd1 7. Bxf7+ Ke7 8. Nd5#,"Hartlaub - Worch, Bremen 1890"
Opening (C41),Opening (C41),1. e4 e5 2. Nf3 d6 3. Bc4 Bg4 4. Nc3 g6 5. Nxe5 Bxd1 6. Bxf7+ Ke7 7. Nd5#,1. e4 e5 2. Nf3 d6 3. Bc4 Bg4 4. Nc3 g6 5. Nxe5 Bxd1 6. Bxf7+ Ke7 7. Nd5#,"De Legal - St. Brie, Paris 1750"
Opening (C41),Opening (C41),1. e4 e5 2. Nf3 d6 3. Bc4 Bg4 4. O-O Nc6 5. Nc3 Nd4 6. Nxe5 Bxd1 7. Bxf7+ Ke7 8. Nd5#,1. e4 e5 2. Nf3 d6 3. Bc4 Bg4 4. O-O Nc6 5. Nc3 Nd4 6. Nxe5 Bxd1 7. Bxf7+ Ke7 8. Nd5#,"Wall, Bill - Nagaru, Internet 1996"
Opening (C41),Opening (C41),1. e4 e5 2. Nf3 d6 3. d4 Nd7 4. Bc4 c6 5. c3 Be7 6. Qb3 Nh6 7. Bxh6 gxh6 8. Bxf7+,1. e4 e5 2. Nf3 d6 3. d4 Nd7 4. Bc4 c6 5. c3 Be7 6. Qb3 Nh6 7. Bxh6 gxh6 8. Bxf7+,"Ribeiro - Skinner, Internet 1995"
Opening (C41),Opening (C41),1. e4 e5 2. Nf3 d6 3. d4 Nd7 4. Bc4 c6 5. O-O Be7 6. dxe5 dxe5 7. Qe2 Ngf6 8. Rd1 Qc7 9. Ng5 O-O 10. Bxf7+ Rxf7 11. Qc4,1. e4 e5 2. Nf3 d6 3. d4 Nd7 4. Bc4 c6 5. O-O Be7 6. dxe5 dxe5 7. Qe2 Ngf6 8. Rd1 Qc7 9. Ng5 O-O 10. Bxf7+ Rxf7 11. Qc4,"Fischer, Robert - Fine, R., New York 1963"
Opening (C41),Opening (C41),1. e4 e5 2. Nf3 d6 3. d4 Nd7 4. Bc4 Be7 5. dxe5 Nxe5 6. Nxe5 dxe5 7. Qh5 g6 8. Qxe5,1. e4 e5 2. Nf3 d6 3. d4 Nd7 4. Bc4 Be7 5. dxe5 Nxe5 6. Nxe5 dxe5 7. Qh5 g6 8. Qxe5,"Karaklajic - Fuderer, Yugoslavia 1955"
Opening (C41),Opening (C41),1. e4 e5 2. Nf3 d6 3. d4 f5 4. dxe5 fxe4 5. Ng5 d5 6. Nc3 Ne7 7. e6 Ng6 8. Nf7 Qf6 9. Nxh8,1. e4 e5 2. Nf3 d6 3. d4 f5 4. dxe5 fxe4 5. Ng5 d5 6. Nc3 Ne7 7. e6 Ng6 8. Nf7 Qf6 9. Nxh8,"Fischer, Robert - Chaney, Houston 1964"
Opening (C41),Opening (C41),1. e4 e5 2. Nf3 d6 3. d4 f6 4. Bc4 Bd7 5. dxe5 dxe5 6. Nxe5 fxe5 7. Qh5+ g6 8. Qxe5+ Ne7 9. Qxh8,1. e4 e5 2. Nf3 d6 3. d4 f6 4. Bc4 Bd7 5. dxe5 dxe5 6. Nxe5 fxe5 7. Qh5+ g6 8. Qxe5+ Ne7 9. Qxh8,"Wall, Bill - BigBlueSmurf, Internet 1996"
Opening (C41),Opening (C41),1. e4 e5 2. Nf3 d6 3. d4 Bg4 4. dxe5 dxe5 5. Qxd8+ Kxd8 6. Nxe5 Nh6 7. Bxh6,1. e4 e5 2. Nf3 d6 3. d4 Bg4 4. dxe5 dxe5 5. Qxd8+ Kxd8 6. Nxe5 Nh6 7. Bxh6,"Wall, Bill - Seaboy, Internet 1996"
Opening (C41),Opening (C41),1. e4 e5 2. Nf3 d6 3. d4 Bg4 4. dxe5 Bxf3 5. Qxf3 dxe5 6. Bc4 Bb4+ 7. c3,1. e4 e5 2. Nf3 d6 3. d4 Bg4 4. dxe5 Bxf3 5. Qxf3 dxe5 6. Bc4 Bb4+ 7. c3,"Wall, Bill - Clay558, Internet 1996"
Opening (C41),Opening (C41),1. e4 e5 2. Nf3 d6 3. d4 Bg4 4. dxe5 Bxf3 5. Qxf3 dxe5 6. Bc4 f6 7. Qb3 b6 8. Bf7+ Kd7 9. Qe6#,1. e4 e5 2. Nf3 d6 3. d4 Bg4 4. dxe5 Bxf3 5. Qxf3 dxe5 6. Bc4 f6 7. Qb3 b6 8. Bf7+ Kd7 9. Qe6#,"Schmid - Grund, Bonn 1980"
Opening (C41),Opening (C41),1. e4 e5 2. Nf3 d6 3. d4 g6 4. dxe5 dxe5 5. Qxd8+ Kxd8 6. Nxe5,1. e4 e5 2. Nf3 d6 3. d4 g6 4. dxe5 dxe5 5. Qxd8+ Kxd8 6. Nxe5,"Koltanowski - Cable, San Francisco 1960"
Opening (C41),Opening (C41),1. e4 e5 2. Nf3 d6 3. d4 Nf6 4. dxe5 Nxe4 5. exd6 Bxd6 6. Qd4 Nf6 7. Bg5 Nc6 8. Bb5 O-O 9. Bxf6 Nxd4 10. Bxd8 Nxc2+,1. e4 e5 2. Nf3 d6 3. d4 Nf6 4. dxe5 Nxe4 5. exd6 Bxd6 6. Qd4 Nf6 7. Bg5 Nc6 8. Bb5 O-O 9. Bxf6 Nxd4 10. Bxd8 Nxc2+,"Sanchez - Delgado, Internet 1995"
Opening (C41),Opening (C41),1. e4 e5 2. Nf3 d6 3. h3 Nf6 4. c3 Nxe4 5. Qa4+ c6 6. Qxe4,1. e4 e5 2. Nf3 d6 3. h3 Nf6 4. c3 Nxe4 5. Qa4+ c6 6. Qxe4,"Greco - NN, Italy 1620"
Opening (B00),Opening (B00),1. e4 d6 2. Bc4 Nd7 3. Nf3 g6 4. Ng5 Nh6 5. Bxf7+ Nxf7 6. Ne6,1. e4 d6 2. Bc4 Nd7 3. Nf3 g6 4. Ng5 Nh6 5. Bxf7+ Nxf7 6. Ne6,"Dadian - Doubrava, Kiev 1896"
Opening (B00),Opening (B00),1. e4 d6 2. d4 Nd7 3. Bc4 g6 4. Nf3 Bg7 5. Bxf7+ Kxf7 6. Ng5+ Kf6 7. Qf3#,1. e4 d6 2. d4 Nd7 3. Bc4 g6 4. Nf3 Bg7 5. Bxf7+ Kxf7 6. Ng5+ Kf6 7. Qf3#,"Hamlisch - NN, Vienna 1922"
Opening (C41),Opening (C41),1. e4 d6 2. d4 Nd7 3. Nf3 e5 4. Bc4 Be7 5. dxe5 dxe5 6. Qd5 Nh6 7. Bxh6,1. e4 d6 2. d4 Nd7 3. Nf3 e5 4. Bc4 Be7 5. dxe5 dxe5 6. Qd5 Nh6 7. Bxh6,"Belle - van der Giessen, Netherlands 1978"
Opening (B00),Opening (B00),1. e4 d6 2. d4 Be6 3. c3 Qd7 4. Bd3 Bg4 5. f3 Be6 6. d5,1. e4 d6 2. d4 Be6 3. c3 Qd7 4. Bd3 Bg4 5. f3 Be6 6. d5,"Wall, Bill - Erndog, Internet 1996"
Opening (B06),Opening (B06),1. e4 d6 2. d4 g6 3. Nf3 Bg7 4. Nc3 Nd7 5. Bc4 e5 6. Bxf7+ Kxf7 7. Ng5+ Ke8 8. Ne6 Qe7 9. Nxc7+,1. e4 d6 2. d4 g6 3. Nf3 Bg7 4. Nc3 Nd7 5. Bc4 e5 6. Bxf7+ Kxf7 7. Ng5+ Ke8 8. Ne6 Qe7 9. Nxc7+,"Gross - Geiger, Germany 1990"
Opening (B09),Opening (B09),1. e4 d6 2. d4 Nf6 3. Nc3 g6 4. f4 c5 5. dxc5 Qa5 6. cxd6 Nxe4 7. Qd5 Nc5 8. Bb5+ Bd7 9. Qxc5,1. e4 d6 2. d4 Nf6 3. Nc3 g6 4. f4 c5 5. dxc5 Qa5 6. cxd6 Nxe4 7. Qd5 Nc5 8. Bb5+ Bd7 9. Qxc5,"Callow - Powell, Internet 1995"
Opening (B07),Opening (B07),1. e4 d6 2. d4 Nf6 3. Nc3 Nc6 4. Bc4 e6 5. Nf3 Qe7 6. O-O g6 7. Bg5 e5 8. Nd5,1. e4 d6 2. d4 Nf6 3. Nc3 Nc6 4. Bc4 e6 5. Nf3 Qe7 6. O-O g6 7. Bg5 e5 8. Nd5,"Wall, Bill - Stonewolf, Internet 1996"
Opening (B06),Opening (B06),1. e4 d6 2. d4 g6 3. Nc3 Bg7 4. Bc4 c6 5. Nf3 b5 6. Nxb5 cxb5 7. Bd5,1. e4 d6 2. d4 g6 3. Nc3 Bg7 4. Bc4 c6 5. Nf3 b5 6. Nxb5 cxb5 7. Bd5,"Wall, Bill - Reyes, J., San Antonio 1993"
Opening (B06),Opening (B06),1. e4 d6 2. d4 g6 3. Nc3 Bg7 4. f4 Nh6 5. Nf3 O-O 6. Bd3 c5 7. f5 e6 8. f6 Qxf6 9. Bg5,1. e4 d6 2. d4 g6 3. Nc3 Bg7 4. f4 Nh6 5. Nf3 O-O 6. Bd3 c5 7. f5 e6 8. f6 Qxf6 9. Bg5,"Wall, Bill - Brooks, R., Thailand 1974"
Opening (B00),Opening (B00),1. e4 d6 2. d4 g6 3. Nf3 Bg7 4. Bc4 Nd7 5. Bxf7+ Kxf7 6. Ng5+ Kf6 7. Qf3#,1. e4 d6 2. d4 g6 3. Nf3 Bg7 4. Bc4 Nd7 5. Bxf7+ Kxf7 6. Ng5+ Kf6 7. Qf3#,"Arnason - Pribyl, Latvia 1990"
Opening (B00),Opening (B00),1. e4 d6 2. d4 g6 3. Nf3 Bg7 4. Bc4 Bg4 5. Bxf7+ Kf8 6. Bb3 Bf6 7. h3 Bd7 8. e5 Bg7 9. Ng5,1. e4 d6 2. d4 g6 3. Nf3 Bg7 4. Bc4 Bg4 5. Bxf7+ Kf8 6. Bb3 Bf6 7. h3 Bd7 8. e5 Bg7 9. Ng5,"Laszlo - Biro, Budapest 1940"
Opening (B00),Opening (B00),1. e4 d6 2. Nf3 Nd7 3. Nc3 g6 4. Bc4 Bg7 5. d4 a5 6. Ng5 Nh6 7. Bxf7+ Nxf7 8. Ne6,1. e4 d6 2. Nf3 Nd7 3. Nc3 g6 4. Bc4 Bg7 5. d4 a5 6. Ng5 Nh6 7. Bxf7+ Nxf7 8. Ne6,"Klabunde - Snyder, Denver 1983"
Opening (B00),Opening (B00),1. e4 d6 2. Nf3 Nf6 3. c3 Nxe4 4. Qa4+,1. e4 d6 2. Nf3 Nf6 3. c3 Nxe4 4. Qa4+,"Welling - Veugen, Utrecht 1979"
Opening (B00),Opening (B00),1. e4 d6 2. Nf3 g6 3. Bc4 Nd7 4. Bxf7+ Kxf7 5. Ng5+,1. e4 d6 2. Nf3 g6 3. Bc4 Nd7 4. Bxf7+ Kxf7 5. Ng5+,"Lusgin - Joffe, Minsk 1968"
Opening (B00),Opening (B00),1. e4 d6 2. Nf3 g6 3. Bc4 Bg4 4. Bxf7+ Kxf7 5. Ng5+ Ke8 6. Qxg4 Nf6 7. Qe6 Qd7 8. Qf7+ Kd8 9. Ne6+ Kc8 10. Nxf8,1. e4 d6 2. Nf3 g6 3. Bc4 Bg4 4. Bxf7+ Kxf7 5. Ng5+ Ke8 6. Qxg4 Nf6 7. Qe6 Qd7 8. Qf7+ Kd8 9. Ne6+ Kc8 10. Nxf8,"Miannay - Brunneay, Torey 1991"
Opening (B06),Opening (B06),1. e4 g6 2. d4 Bg7 3. Nc3 c6 4. f4 d6 5. Be2 Qb6 6. Nf3 Bg4 7. Na4 Qa5+ 8. c3 b5,1. e4 g6 2. d4 Bg7 3. Nc3 c6 4. f4 d6 5. Be2 Qb6 6. Nf3 Bg4 7. Na4 Qa5+ 8. c3 b5,"Hallier - Fegebank, Germany 1991"
Opening (B06),Opening (B06),1. e4 g6 2. d4 Bg7 3. Nc3 d6 4. Bc4 Nd7 5. Nf3 Ngf6 6. e5 dxe5 7. dxe5 Ng4 8. Bxf7+ Kxf7 9. Ng5+ Kg8 10. Qd5+,1. e4 g6 2. d4 Bg7 3. Nc3 d6 4. Bc4 Nd7 5. Nf3 Ngf6 6. e5 dxe5 7. dxe5 Ng4 8. Bxf7+ Kxf7 9. Ng5+ Kg8 10. Qd5+,"Sylvan - Flaata, Copenhagen 1994"
Opening (A41),Opening (A41),1. e4 g6 2. d4 Bg7 3. Nf3 d6 4. c4 Bg4 5. Be2 Nc6 6. Be3 e5 7. Nxe5 dxe5 8. Bxg4 exd4 9. Bf4 h5 10. Be2 d3,1. e4 g6 2. d4 Bg7 3. Nf3 d6 4. c4 Bg4 5. Be2 Nc6 6. Be3 e5 7. Nxe5 dxe5 8. Bxg4 exd4 9. Bf4 h5 10. Be2 d3,"Seltzer - Ivanov, A., Philadelphia 1993"
Opening (B06),Opening (B06),1. e4 g6 2. d4 f5 3. exf5 gxf5 4. Qh5#,1. e4 g6 2. d4 f5 3. exf5 gxf5 4. Qh5#,"Sternenberg - Russo, Sacramento 1993"
Opening (B06),Opening (B06),1. e4 g6 2. d4 Bg7 3. Nf3 d6 4. Nc3 Nd7 5. Bc4 Ngf6 6. e5 dxe5 7. dxe5 Nh5 8. Bxf7+ Kxf7 9. Ng5+ Kg8 10. Qd5+ Kf8 11. Qf7#,1. e4 g6 2. d4 Bg7 3. Nf3 d6 4. Nc3 Nd7 5. Bc4 Ngf6 6. e5 dxe5 7. dxe5 Nh5 8. Bxf7+ Kxf7 9. Ng5+ Kg8 10. Qd5+ Kf8 11. Qf7#,"Cheron - Polikier, Chamonix 1927"
Opening (A00),Opening (A00),1. b4 c6 2. Bb2 Qb6 3. a3 a5 4. c4 e6 5. c5 Bxc5 6. Bxg7 Bxf2#,1. b4 c6 2. Bb2 Qb6 3. a3 a5 4. c4 e6 5. c5 Bxc5 6. Bxg7 Bxf2#,"Brichinova - Alexandrova, Bulgaria 1979"
Opening (A00),Opening (A00),1. b4 e5 2. a4 d5 3. c4 dxc4 4. Qc2 Nc6 5. Qxc4 Be6 6. Qc2 Nd4 7. Qd1 Bb3,1. b4 e5 2. a4 d5 3. c4 dxc4 4. Qc2 Nc6 5. Qxc4 Be6 6. Qc2 Nd4 7. Qd1 Bb3,"Campbell - Blaine, R., Ohio 1982"
Opening (A00),Opening (A00),1. b4 e5 2. Bb2 Bxb4 3. f4 d6 4. e4 Nc6 5. f5 Qh4+ 6. g3 Qxe4+,1. b4 e5 2. Bb2 Bxb4 3. f4 d6 4. e4 Nc6 5. f5 Qh4+ 6. g3 Qxe4+,"Meybohm - Grosch, Zittau 1988"
Opening (A00),Opening (A00),1. b4 e5 2. Bb2 Bxb4 3. f4 d6 4. e4 Nf6 5. Qe2 O-O 6. f5 d5 7. Bxe5 Re8 8. Bxf6 Qxf6 9. c3 Rxe4,1. b4 e5 2. Bb2 Bxb4 3. f4 d6 4. e4 Nf6 5. Qe2 O-O 6. f5 d5 7. Bxe5 Re8 8. Bxf6 Qxf6 9. c3 Rxe4,"Meybohm - Kucharkowski, Germany 1988"
Opening (A00),Opening (A00),1. b4 e5 2. Bb2 d6 3. c4 Nc6 4. a3 f6 5. Nf3 g5 6. e3 h5 7. Be2 e4 8. Nxg5 fxg5 9. Bxh8,1. b4 e5 2. Bb2 d6 3. c4 Nc6 4. a3 f6 5. Nf3 g5 6. e3 h5 7. Be2 e4 8. Nxg5 fxg5 9. Bxh8,"Wall, Bill - Carradore, San Antonio 1995"
Opening (A00),Opening (A00),1. b4 e5 2. Bb2 e4 3. c4 Nf6 4. b5 d5 5. cxd5 Nxd5 6. f3 e3 7. Qa4 Bb4 8. a3 exd2+ 9. Nxd2 Qh4+ 10. g3 Bxd2+ 11. Kxd2 Qxa4,1. b4 e5 2. Bb2 e4 3. c4 Nf6 4. b5 d5 5. cxd5 Nxd5 6. f3 e3 7. Qa4 Bb4 8. a3 exd2+ 9. Nxd2 Qh4+ 10. g3 Bxd2+ 11. Kxd2 Qxa4,"Ikes - Groncki, Berlin 1960"
Opening (A00),Opening (A00),1. b4 e5 2. Bb2 e4 3. e3 d5 4. Ne2 Bxb4 5. Bxg7,1. b4 e5 2. Bb2 e4 3. e3 d5 4. Ne2 Bxb4 5. Bxg7,"Goudreau - Summers, USA 1996"
Opening (A00),Opening (A00),1. b4 e5 2. Bb2 f6 3. b5 a6 4. bxa6 bxa6 5. e3 Bc5 6. Bc4 d5 7. Bb3 d4 8. exd4 exd4 9. Qh5+ g6 10. Qxc5,1. b4 e5 2. Bb2 f6 3. b5 a6 4. bxa6 bxa6 5. e3 Bc5 6. Bc4 d5 7. Bb3 d4 8. exd4 exd4 9. Qh5+ g6 10. Qxc5,"Wall, Bill - Hatherill, Chuck, Dayton 1980"
Opening (C44),Opening (C44),1. e4 e5 2. Nf3 Nc6 3. c3 Bc5 4. d3 d6 5. b4 Bb6 6. b5 Nce7 7. c4 Bg4 8. Qe2 Bxf3 9. Qxf3 Bd4,1. e4 e5 2. Nf3 Nc6 3. c3 Bc5 4. d3 d6 5. b4 Bb6 6. b5 Nce7 7. c4 Bg4 8. Qe2 Bxf3 9. Qxf3 Bd4,"Ocogmas - Wall, Bill, Internet 1996"
Opening (C44),Opening (C44),1. e4 e5 2. Nf3 Nc6 3. c3 d5 4. Qa4 Qd6 5. exd5 Qxd5 6. Bc4 Qe4+ 7. Kd1 Bd7 8. Bxf7+ Kxf7 9. Qxe4,1. e4 e5 2. Nf3 Nc6 3. c3 d5 4. Qa4 Qd6 5. exd5 Qxd5 6. Bc4 Qe4+ 7. Kd1 Bd7 8. Bxf7+ Kxf7 9. Qxe4,"Komarek - Korn, Germany 1992"
Opening (C44),Opening (C44),1. e4 e5 2. Nf3 Nc6 3. c3 d5 4. Qa4 dxe4 5. Nxe5 Qd5 6. Nxc6 Qxc6 7. Bb5,1. e4 e5 2. Nf3 Nc6 3. c3 d5 4. Qa4 dxe4 5. Nxe5 Qd5 6. Nxc6 Qxc6 7. Bb5,"Sturrell - NN, Boras 1956"
Opening (C44),Opening (C44),1. e4 e5 2. Nf3 Nc6 3. c3 Nf6 4. d4 exd4 5. e5 Ne4 6. Qe2 d5 7. exd6 Bf5 8. Nbd2 Bxd6 9. Nxe4 Bxe4 10. Qxe4+,1. e4 e5 2. Nf3 Nc6 3. c3 Nf6 4. d4 exd4 5. e5 Ne4 6. Qe2 d5 7. exd6 Bf5 8. Nbd2 Bxd6 9. Nxe4 Bxe4 10. Qxe4+,"Wall, Bill - Dphfrn, Internet 1997"
Opening (C44),Opening (C44),1. e4 e5 2. Nf3 Nc6 3. c3 Nf6 4. d4 Nxe4 5. d5 Nb8 6. Nxe5 Bc5 7. Nd3 Bb6 8. Be2 d6 9. Qa4+,1. e4 e5 2. Nf3 Nc6 3. c3 Nf6 4. d4 Nxe4 5. d5 Nb8 6. Nxe5 Bc5 7. Nd3 Bb6 8. Be2 d6 9. Qa4+,"Kahn - Massachaele, Corr. 1988"
Opening (C44),Opening (C44),1. e4 e5 2. Nf3 Nc6 3. c3 Nf6 4. d4 Nxe4 5. d5 Nb8 6. Nxe5 Qe7 7. Qd4 d6 8. Qxe4 f5 9. Bb5+ Kd8 10. Bg5,1. e4 e5 2. Nf3 Nc6 3. c3 Nf6 4. d4 Nxe4 5. d5 Nb8 6. Nxe5 Qe7 7. Qd4 d6 8. Qxe4 f5 9. Bb5+ Kd8 10. Bg5,"Balabanov - Moros, Frunse 1984"
Opening (D20),Opening (D20),1. d4 d5 2. c4 dxc4 3. Nc3 c5 4. e3 cxd4 5. Bxc4 dxc3 6. Bxf7+ Kxf7 7. Qxd8,1. d4 d5 2. c4 dxc4 3. Nc3 c5 4. e3 cxd4 5. Bxc4 dxc3 6. Bxf7+ Kxf7 7. Qxd8,"Donnelly - Pollington, England 1963"
Opening (D20),Opening (D20),1. d4 d5 2. c4 dxc4 3. e3 b5 4. a4 c6 5. axb5 cxb5 6. Qf3,1. d4 d5 2. c4 dxc4 3. e3 b5 4. a4 c6 5. axb5 cxb5 6. Qf3,"Greco - NN, Italy 1620"
Opening (D20),Opening (D20),1. d4 d5 2. c4 dxc4 3. e4 b5 4. Nc3 c6 5. b4 a5 6. Ba3 e6 7. Rb1 Na6 8. Nce2 Nxb4 9. Nf3 Nd3+ 10. Kd2 Bxa3,1. d4 d5 2. c4 dxc4 3. e4 b5 4. Nc3 c6 5. b4 a5 6. Ba3 e6 7. Rb1 Na6 8. Nce2 Nxb4 9. Nf3 Nd3+ 10. Kd2 Bxa3,"Hooker - McBride, Oregon 1974"
Opening (D20),Opening (D20),1. d4 d5 2. c4 dxc4 3. e4 e5 4. Nf3 Bg4 5. Bxc4 exd4 6. Qb3 Be7 7. Bxf7+ Kf8 8. Ne5 Bc8 9. Bxg8,1. d4 d5 2. c4 dxc4 3. e4 e5 4. Nf3 Bg4 5. Bxc4 exd4 6. Qb3 Be7 7. Bxf7+ Kf8 8. Ne5 Bc8 9. Bxg8,"Green - Varley, Internet 1996"
Opening (D21),Opening (D21),1. d4 d5 2. c4 dxc4 3. Nf3 b5 4. a4 c6 5. e3 Bd7 6. Ne5 a6 7. axb5 cxb5 8. Qf3,1. d4 d5 2. c4 dxc4 3. Nf3 b5 4. a4 c6 5. e3 Bd7 6. Ne5 a6 7. axb5 cxb5 8. Qf3,"Blackburne - Fleissig, Vienna 1873"
Opening (D21),Opening (D21),1. d4 d5 2. c4 dxc4 3. Nf3 c5 4. e3 Bg4 5. Bxc4 e6 6. Qa4+ Nd7 7. Ne5 Bf5 8. Nxd7 Qxd7 9. Bb5,1. d4 d5 2. c4 dxc4 3. Nf3 c5 4. e3 Bg4 5. Bxc4 e6 6. Qa4+ Nd7 7. Ne5 Bf5 8. Nxd7 Qxd7 9. Bb5,"Atkins - Gunsberg, Hanover 1902"
Opening (D21),Opening (D21),1. d4 d5 2. c4 dxc4 3. Nf3 c6 4. e3 Be6 5. Ng5 Qa5+,1. d4 d5 2. c4 dxc4 3. Nf3 c6 4. e3 Be6 5. Ng5 Qa5+,"Farago - Blumberg, Budapest 1994"
Opening (D23),Opening (D23),1. d4 d5 2. c4 dxc4 3. Nf3 Nf6 4. Qa4+ Nbd7 5. Nc3 e6 6. e4 c5 7. d5 exd5 8. e5 d4 9. Bxc4 dxc3 10. Ng5 Qe7 11. Bxf7+ Kd8 12. Ne6+,1. d4 d5 2. c4 dxc4 3. Nf3 Nf6 4. Qa4+ Nbd7 5. Nc3 e6 6. e4 c5 7. d5 exd5 8. e5 d4 9. Bxc4 dxc3 10. Ng5 Qe7 11. Bxf7+ Kd8 12. Ne6+,"Sajter - Sliwe, Warsaw 1947"
Opening (D06),Opening (D06),1. d4 d5 2. c4 c5 3. dxc5 Nf6 4. Nf3 Nc6 5. Bg5 Ne4 6. Bf4 Qa5+ 7. Nbd2 Qxc5 8. Rc1 Qxf2#,1. d4 d5 2. c4 c5 3. dxc5 Nf6 4. Nf3 Nc6 5. Bg5 Ne4 6. Bf4 Qa5+ 7. Nbd2 Qxc5 8. Rc1 Qxf2#,"Grassel - Rust, Indiana 1974"
Opening (D06),Opening (D06),1. d4 d5 2. c4 c5 3. e3 cxd4 4. cxd5 Qa5+ 5. Qd2 Qxd5 6. exd4 Nc6 7. Nf3 Bf5 8. Nc3 Qa5 9. Bb5 e6 10. O-O Rd8 11. Ne5 Nge7 12. Nd5,1. d4 d5 2. c4 c5 3. e3 cxd4 4. cxd5 Qa5+ 5. Qd2 Qxd5 6. exd4 Nc6 7. Nf3 Bf5 8. Nc3 Qa5 9. Bb5 e6 10. O-O Rd8 11. Ne5 Nge7 12. Nd5,"Denker - Chiera, Washington, DC 1936"
Opening (D10),Opening (D10),1. d4 d5 2. c4 c6 3. Nc3 e5 4. dxe5 d4 5. Ne4 Bb4+ 6. Bd2 Bxd2+ 7. Qxd2 Bf5 8. Nd6+ Kf8 9. Nxf5,1. d4 d5 2. c4 c6 3. Nc3 e5 4. dxe5 d4 5. Ne4 Bb4+ 6. Bd2 Bxd2+ 7. Qxd2 Bf5 8. Nd6+ Kf8 9. Nxf5,"Mantia, A. - Baird, Dayton 1987"
Opening (D10),Opening (D10),1. d4 d5 2. c4 c6 3. Nc3 Nf6 4. Bg5 Ne4 5. Nxe4 dxe4 6. e3 Qa5+,1. d4 d5 2. c4 c6 3. Nc3 Nf6 4. Bg5 Ne4 5. Nxe4 dxe4 6. e3 Qa5+,"Pentebre - Weber, Siegen 1970"
Opening (D08),Opening (D08),1. d4 d5 2. c4 e5 3. e3 exd4 4. exd4 Nf6 5. Bg5 Be6 6. cxd5 Bxd5 7. Nc3 Nc6 8. Nxd5 Qxd5 9. Bxf6 Bb4+ 10. Ke2 Qe4#,1. d4 d5 2. c4 e5 3. e3 exd4 4. exd4 Nf6 5. Bg5 Be6 6. cxd5 Bxd5 7. Nc3 Nc6 8. Nxd5 Qxd5 9. Bxf6 Bb4+ 10. Ke2 Qe4#,"NN - Livingtone, England 1941"
Opening (D08),Opening (D08),1. d4 d5 2. c4 e5 3. dxe5 dxc4 4. Qxd8+ Kxd8 5. Nc3 Bb4 6. Bd2 Nc6 7. O-O-O Nxe5 8. Bg5+ Ke8 9. Rd8#,1. d4 d5 2. c4 e5 3. dxe5 dxc4 4. Qxd8+ Kxd8 5. Nc3 Bb4 6. Bd2 Nc6 7. O-O-O Nxe5 8. Bg5+ Ke8 9. Rd8#,"Katsampes, T. - Robinson, San Antonio 1993"
Opening (D08),Opening (D08),1. d4 d5 2. c4 e5 3. dxe5 d4 4. e4 Nc6 5. Ne2 Bc5 6. Nd2 Nxe5 7. Nb3 Bb4+ 8. Bd2 Nd3#,1. d4 d5 2. c4 e5 3. dxe5 d4 4. e4 Nc6 5. Ne2 Bc5 6. Nd2 Nxe5 7. Nb3 Bb4+ 8. Bd2 Nd3#,"Miller - Petersons, London 1959"
Opening (D08),Opening (D08),1. d4 d5 2. c4 e5 3. dxe5 d4 4. e4 Nc6 5. f4 Nxe5 6. fxe5 Qh4+ 7. Kd2 Qxe4 8. a3 Bf5 9. Nf3 Qe3#,1. d4 d5 2. c4 e5 3. dxe5 d4 4. e4 Nc6 5. f4 Nxe5 6. fxe5 Qh4+ 7. Kd2 Qxe4 8. a3 Bf5 9. Nf3 Qe3#,"Ganesan - Romo, Berkeley 1992"
Opening (D32),Opening (D32),1. d4 d5 2. c4 e6 3. Nc3 c5 4. cxd5 cxd4 5. dxe6 dxc3 6. exf7+ Ke7 7. fxg8=N+ Rxg8 8. Bg5+,1. d4 d5 2. c4 e6 3. Nc3 c5 4. cxd5 cxd4 5. dxe6 dxc3 6. exf7+ Ke7 7. fxg8=N+ Rxg8 8. Bg5+,"Fidlow - Mayer, Corr. 1950"
Opening (D33),Opening (D33),1. d4 d5 2. c4 e6 3. Nc3 c5 4. cxd5 exd5 5. Nf3 Nc6 6. g3 c4 7. e4 dxe4 8. Ng5 Qxd4 9. Bf4 Bb4 10. Ngxe4 Qxe4+,1. d4 d5 2. c4 e6 3. Nc3 c5 4. cxd5 exd5 5. Nf3 Nc6 6. g3 c4 7. e4 dxe4 8. Ng5 Qxd4 9. Bf4 Bb4 10. Ngxe4 Qxe4+,"Khalilbeili - Furman, Tbilisi 1956"
Opening (D50),Opening (D50),1. d4 d5 2. c4 e6 3. Nc3 Nf6 4. Bg5 h6 5. Bh4 g5 6. Bg3 Be7 7. Nb5 O-O 8. Nxc7 Bb4+,1. d4 d5 2. c4 e6 3. Nc3 Nf6 4. Bg5 h6 5. Bh4 g5 6. Bg3 Be7 7. Nb5 O-O 8. Nxc7 Bb4+,"Corrie - Wall, Bill, Thailand 1974"
Opening (D30),Opening (D30),1. d4 d5 2. c4 e6 3. Bf4 c5 4. Nc3 cxd4 5. Bxb8 dxc3 6. Be5 cxb2 7. Bxb2 Bb4+,1. d4 d5 2. c4 e6 3. Bf4 c5 4. Nc3 cxd4 5. Bxb8 dxc3 6. Be5 cxb2 7. Bxb2 Bb4+,"NN - Bruning, USA 1907"
Opening (D06),Opening (D06),1. d4 d5 2. c4 Bf5 3. Nc3 e6 4. Qb3 Nc6 5. cxd5 exd5 6. Nxd5 Be4 7. Nc3 Nxd4 8. Qa4+ b5 9. Nxb5 Nc2+,1. d4 d5 2. c4 Bf5 3. Nc3 e6 4. Qb3 Nc6 5. cxd5 exd5 6. Nxd5 Be4 7. Nc3 Nxd4 8. Qa4+ b5 9. Nxb5 Nc2+,"Kupel - Herrman, Germany 1970"
Opening (D06),Opening (D06),1. d4 d5 2. c4 Nf6 3. Nc3 e5 4. dxe5 Ng4 5. Nf3 Bb4 6. Bd2 Qe7 7. Nxd5 Bxd2+ 8. Qxd2 Qc5 9. e3 O-O 10. b4,1. d4 d5 2. c4 Nf6 3. Nc3 e5 4. dxe5 Ng4 5. Nf3 Bb4 6. Bd2 Qe7 7. Nxd5 Bxd2+ 8. Qxd2 Qc5 9. e3 O-O 10. b4,"Krejcik - Reti, Europe 1922"
Opening (D06),Opening (D06),1. d4 d5 2. c4 Nf6 3. cxd5 Nxd5 4. e4 Nf6 5. Bd3 Qxd4 6. Bb5+,1. d4 d5 2. c4 Nf6 3. cxd5 Nxd5 4. e4 Nf6 5. Bd3 Qxd4 6. Bb5+,"Wall, Bill - Rafe, Internet 1996"
Opening (D06),Opening (D06),1. d4 d5 2. c4 Nf6 3. cxd5 Qxd5 4. Nc3 Qd8 5. e4 e5 6. Qa4+ Bd7 7. Qb3 exd4 8. Qxb7 dxc3 9. Qxa8 cxb2 10. Bxb2 Bb4+ 11. Ke2 Bg4+ 12. Nf3 Qd2#,1. d4 d5 2. c4 Nf6 3. cxd5 Qxd5 4. Nc3 Qd8 5. e4 e5 6. Qa4+ Bd7 7. Qb3 exd4 8. Qxb7 dxc3 9. Qxa8 cxb2 10. Bxb2 Bb4+ 11. Ke2 Bg4+ 12. Nf3 Qd2#,"Schubert - Tipary, Szoenor 1938"
Opening (E12),Opening (E12),1. d4 Nf6 2. c4 e6 3. Nf3 b6 4. a3 Bb7 5. Nc3 Ne4 6. Qc2 Nxc3 7. Qxc3 Be7 8. Bf4 Bf6 9. Qd2 d6 10. e3 Nd7 11. Be2 g5 12. Bg3 g4 13. Ng1 Bxg2,1. d4 Nf6 2. c4 e6 3. Nf3 b6 4. a3 Bb7 5. Nc3 Ne4 6. Qc2 Nxc3 7. Qxc3 Be7 8. Bf4 Bf6 9. Qd2 d6 10. e3 Nd7 11. Be2 g5 12. Bg3 g4 13. Ng1 Bxg2,"Nurmberg - Rodl, Riedenburg 1947"
Opening (E12),Opening (E12),1. d4 Nf6 2. c4 e6 3. Nf3 b6 4. Nc3 Bb4 5. Qc2 Bb7 6. Bg5 h6 7. Bh4 d6 8. Qa4+ Nc6 9. d5,1. d4 Nf6 2. c4 e6 3. Nf3 b6 4. Nc3 Bb4 5. Qc2 Bb7 6. Bg5 h6 7. Bh4 d6 8. Qa4+ Nc6 9. d5,"Uhlmann - Andersen, Tel Aviv 1964"
Opening (E12),Opening (E12),1. d4 Nf6 2. c4 e6 3. Nf3 b6 4. Nc3 Bb4 5. Bg5 Bb7 6. e3 h6 7. Bh4 d6 8. Qa4+ Nc6 9. d5,1. d4 Nf6 2. c4 e6 3. Nf3 b6 4. Nc3 Bb4 5. Bg5 Bb7 6. e3 h6 7. Bh4 d6 8. Qa4+ Nc6 9. d5,"Friedman - Duncan, Dearborn 1992"
Opening (E12),Opening (E12),1. d4 Nf6 2. c4 e6 3. Nf3 b6 4. Nc3 Bb7 5. g3 d5 6. cxd5 exd5 7. Bg2 c5 8. O-O cxd4 9. Nxd4 Be7 10. Nf5 O-O 11. Nxd5 Nxd5 12. Bxd5 Qd7 13. Bxb7 Qxb7 14. Qd5 Qc7 15. Qxa8 Nc6 16. Qxc6 Qxc6 17. Nxe7+ Kh8 18. Nxc6,1. d4 Nf6 2. c4 e6 3. Nf3 b6 4. Nc3 Bb7 5. g3 d5 6. cxd5 exd5 7. Bg2 c5 8. O-O cxd4 9. Nxd4 Be7 10. Nf5 O-O 11. Nxd5 Nxd5 12. Bxd5 Qd7 13. Bxb7 Qxb7 14. Qd5 Qc7 15. Qxa8 Nc6 16. Qxc6 Qxc6 17. Nxe7+ Kh8 18. Nxc6,"Berlin - Aspengren, Corr 1928"
Opening (E15),Opening (E15),1. d4 Nf6 2. c4 e6 3. Nf3 b6 4. g3 Ba6 5. Nbd2 Bb4 6. Qc2 d5 7. Qa4+,1. d4 Nf6 2. c4 e6 3. Nf3 b6 4. g3 Ba6 5. Nbd2 Bb4 6. Qc2 d5 7. Qa4+,"Kraidman - Harestad, Gausdal 1991"
Opening (C40),Opening (C40),1. e4 e5 2. Nf3 d5 3. Nc3 d4 4. Nd5 c6,1. e4 e5 2. Nf3 d5 3. Nc3 d4 4. Nd5 c6,"WMM - Wall, Bill, Internet 1996"
Opening (C40),Opening (C40),1. e4 e5 2. Nf3 d5 3. exd5 Qxd5 4. Nc3 Qa5 5. Qe2 Nc6 6. d3 Bg4 7. Bd2 Nd4 8. Qxe5+ Qxe5+ 9. Nxe5 Nxc2#,1. e4 e5 2. Nf3 d5 3. exd5 Qxd5 4. Nc3 Qa5 5. Qe2 Nc6 6. d3 Bg4 7. Bd2 Nd4 8. Qxe5+ Qxe5+ 9. Nxe5 Nxc2#,"Abrikossowski - Parkov, Moscow 1938"
Opening (C40),Opening (C40),1. e4 e5 2. Nf3 d5 3. exd5 Bd6 4. Nc3 Nf6 5. d4 e4 6. Ne5 h6 7. Nb5 Bxe5 8. dxe5 Nxd5 9. Qxd5,1. e4 e5 2. Nf3 d5 3. exd5 Bd6 4. Nc3 Nf6 5. d4 e4 6. Ne5 h6 7. Nb5 Bxe5 8. dxe5 Nxd5 9. Qxd5,"Solderberg - Allen, Corr. 1990"
Opening (C40),Opening (C40),1. e4 e5 2. Nf3 d5 3. exd5 e4 4. Qe2 Qe7 5. Nd4 Nf6 6. Qb5+ Nbd7 7. Nc3 Qe5 8. Qc4 Nb6,1. e4 e5 2. Nf3 d5 3. exd5 e4 4. Qe2 Qe7 5. Nd4 Nf6 6. Qb5+ Nbd7 7. Nc3 Qe5 8. Qc4 Nb6,"MikhailTal - Wall, Bill, Internet 1996"
Opening (C40),Opening (C40),1. e4 e5 2. Nf3 d5 3. Nxe5 Bd6 4. d4 f6 5. Qh5+ Kf8 6. Qf7#,1. e4 e5 2. Nf3 d5 3. Nxe5 Bd6 4. d4 f6 5. Qh5+ Kf8 6. Qf7#,"Hindley - Ramsey, USA 1963"
Opening (D00),Opening (D00),1. d4 d5 2. Nc3 Nf6 3. Bf4 Bf5 4. e3 e6 5. Qe2 Nbd7 6. Qb5 Bxc2 7. Nf3 Qc8 8. Be2 a6 9. Qa5 b6,1. d4 d5 2. Nc3 Nf6 3. Bf4 Bf5 4. e3 e6 5. Qe2 Nbd7 6. Qb5 Bxc2 7. Nf3 Qc8 8. Be2 a6 9. Qa5 b6,"Vir - Wall, Bill, Internet 1996"
Opening (D01),Opening (D01),1. d4 d5 2. Nc3 Nf6 3. Bg5 c6 4. Bxf6 gxf6 5. e3 e5 6. Qh5 e4 7. f3 f5 8. fxe4 fxe4 9. Qe5+,1. d4 d5 2. Nc3 Nf6 3. Bg5 c6 4. Bxf6 gxf6 5. e3 e5 6. Qh5 e4 7. f3 f5 8. fxe4 fxe4 9. Qe5+,"Wade - Kincel, Europe 1962"
Opening (D00),Opening (D00),1. d4 d5 2. e3 e5 3. Qf3 e4 4. Qf4 Bd6,1. d4 d5 2. e3 e5 3. Qf3 e4 4. Qf4 Bd6,"Kusin - Warfalamejew, Rjasan 1973"
Opening (D00),Opening (D00),1. d4 d5 2. e3 e6 3. Nc3 Nf6 4. Bb5+ c6 5. Ba4 a5 6. Nf3 b5 7. Bb3 a4,1. d4 d5 2. e3 e6 3. Nc3 Nf6 4. Bb5+ c6 5. Ba4 a5 6. Nf3 b5 7. Bb3 a4,"Fowler, J. - Wall, Bill, North Carolina 1974"
Opening (D00),Opening (D00),1. d4 d5 2. e3 Nf6 3. Bd3 Bg4 4. f3 Bh5 5. c3 Nc6 6. Qb3 b6 7. Qa4 Qd7 8. Bb5,1. d4 d5 2. e3 Nf6 3. Bd3 Bg4 4. f3 Bh5 5. c3 Nc6 6. Qb3 b6 7. Qa4 Qd7 8. Bb5,"DeButts - Critchfield, Internet 1994"
Opening (D02),Opening (D02),1. d4 d5 2. Nf3 Nc6 3. g3 Bg4 4. Bg2 e6 5. O-O Be7 6. c3 h5 7. Ne5 Nxe5 8. dxe5 h4 9. Qa4+,1. d4 d5 2. Nf3 Nc6 3. g3 Bg4 4. Bg2 e6 5. O-O Be7 6. c3 h5 7. Ne5 Nxe5 8. dxe5 h4 9. Qa4+,"Ramon - Yeo, Havana 1994"
Opening (D02),Opening (D02),1. d4 d5 2. Nf3 Bg4 3. c4 e6 4. Qb3 b6 5. Ne5 Nf6 6. e3 Bd6 7. cxd5 Bxe5 8. dxe5 Nxd5 9. Qa4+,1. d4 d5 2. Nf3 Bg4 3. c4 e6 4. Qb3 b6 5. Ne5 Nf6 6. e3 Bd6 7. cxd5 Bxe5 8. dxe5 Nxd5 9. Qa4+,"Tarrasch - Schwartz, Nuremberg 1890"
Opening (D02),Opening (D02),1. d4 d5 2. Nf3 Bg4 3. c4 e6 4. Ne5 Bf5 5. cxd5 exd5 6. Qb3 b6 7. e4 Bxe4 8. Bb5+ Ke7 9. Bc6,1. d4 d5 2. Nf3 Bg4 3. c4 e6 4. Ne5 Bf5 5. cxd5 exd5 6. Qb3 b6 7. e4 Bxe4 8. Bb5+ Ke7 9. Bc6,"Bernstein - NN, Berlin 1903"
Opening (A45),Opening (A45),1. d4 Nf6 2. Nc3 c5 3. Nf3 cxd4 4. Nxd4 d5 5. Bg5 e5 6. Ndb5 a6 7. Nxd5 axb5 8. Nxf6+ gxf6 9. Qxd8+ Kxd8 10. Bxf6+,1. d4 Nf6 2. Nc3 c5 3. Nf3 cxd4 4. Nxd4 d5 5. Bg5 e5 6. Ndb5 a6 7. Nxd5 axb5 8. Nxf6+ gxf6 9. Qxd8+ Kxd8 10. Bxf6+,"Djurhuus - Liardet, Santiago 1990"
Opening (A45),Opening (A45),1. d4 Nf6 2. Nc3 e5 3. dxe5 Ng4 4. Nf3 Bc5 5. Ne4 Bb4+ 6. c3 Ba5 7. h3 Nh6 8. Bg5 f6 9. exf6,1. d4 Nf6 2. Nc3 e5 3. dxe5 Ng4 4. Nf3 Bc5 5. Ne4 Bb4+ 6. c3 Ba5 7. h3 Nh6 8. Bg5 f6 9. exf6,"Roesch - Ruessel, Baden Bade 1990"
Opening (A45),Opening (A45),1. d4 Nf6 2. Nd2 e5 3. dxe5 Ng4 4. Ngf3 Be7 5. h3 Ne3 6. fxe3 Bh4+ 7. Nxh4 Qxh4+ 8. g3 Qxg3#,1. d4 Nf6 2. Nd2 e5 3. dxe5 Ng4 4. Ngf3 Be7 5. h3 Ne3 6. fxe3 Bh4+ 7. Nxh4 Qxh4+ 8. g3 Qxg3#,"Montjanu - Choare, Bucharest 1948"
Opening (A45),Opening (A45),1. d4 Nf6 2. Nd2 e5 3. dxe5 Ng4 4. h3 Ne3 5. fxe3 Qh4+ 6. g3 Qxg3#,1. d4 Nf6 2. Nd2 e5 3. dxe5 Ng4 4. h3 Ne3 5. fxe3 Qh4+ 6. g3 Qxg3#,"Gibaud - Lazard, Paris 1924"
Opening (A46),Opening (A46),1. d4 Nf6 2. Nf3 b5 3. Bg5 Bb7 4. e3 Ne4 5. Bxb5 c6,1. d4 Nf6 2. Nf3 b5 3. Bg5 Bb7 4. e3 Ne4 5. Bxb5 c6,"Petienko - Steiner, Voronets 1986"
Opening (A46),Opening (A46),1. d4 Nf6 2. Nf3 c5 3. Bf4 cxd4 4. Nxd4 e5 5. Bxe5 Qa5+,1. d4 Nf6 2. Nf3 c5 3. Bf4 cxd4 4. Nxd4 e5 5. Bxe5 Qa5+,"Halics - Lanz, Vienna 1932"
Opening (A45),Opening (A45),1. d4 Nf6 2. Bf4 c5 3. Nf3 cxd4 4. Nxd4 e5 5. Bxe5 Qa5+ 6. c3 Qxe5,1. d4 Nf6 2. Bf4 c5 3. Nf3 cxd4 4. Nxd4 e5 5. Bxe5 Qa5+ 6. c3 Qxe5,"Shuler - Hall, E., USA 1990"
Opening (D02),Opening (D02),1. d4 Nf6 2. Bf4 d5 3. Nf3 c5 4. dxc5 e6 5. Na3 Bxc5 6. Nb5 Qa5+ 7. c3 Qxb5,1. d4 Nf6 2. Bf4 d5 3. Nf3 c5 4. dxc5 e6 5. Na3 Bxc5 6. Nb5 Qa5+ 7. c3 Qxb5,"LordVader - Wall, Bill, Internet 1996"
Opening (A45),Opening (A45),1. d4 Nf6 2. Bg5 c6 3. e3 Qa5+,1. d4 Nf6 2. Bg5 c6 3. e3 Qa5+,"Djordjevic - Kovacevic, Bela Crka 1984"
Opening (A45),Opening (A45),1. d4 Nf6 2. Bg5 c5 3. d5 Qb6 4. b3 Ne4 5. Be3 Qb4+ 6. Bd2 Qd4,1. d4 Nf6 2. Bg5 c5 3. d5 Qb6 4. b3 Ne4 5. Be3 Qb4+ 6. Bd2 Qd4,"Hondema - Baljon, Europe 1977"
Opening (A45),Opening (A45),1. d4 Nf6 2. Bg5 Nd5 3. e4 h6 4. Bh4 Nf6 5. e5 Nd5 6. Qf3 c6 7. Bc4 Qb6 8. b3 Qxd4 9. c3 Qxh4,1. d4 Nf6 2. Bg5 Nd5 3. e4 h6 4. Bh4 Nf6 5. e5 Nd5 6. Qf3 c6 7. Bc4 Qb6 8. b3 Qxd4 9. c3 Qxh4,"ShadowDan - Wall, Bill, Internet 1996"
Opening (A45),Opening (A45),1. d4 Nf6 2. Bg5 d5 3. e3 e6 4. c4 c6 5. Bd3 dxc4 6. Bxc4 Qa5+,1. d4 Nf6 2. Bg5 d5 3. e3 e6 4. c4 c6 5. Bd3 dxc4 6. Bxc4 Qa5+,"Wall, Bill - Buchanan, Winston-Salem 1976"
Opening (A45),Opening (A45),1. d4 Nf6 2. Bg5 Ne4 3. Bf4 c5 4. d5 Qb6 5. Nd2 Qxb2 6. Ngf3 Nc3 7. Nc4 Nxd1 8. Nxb2 Nxb2,1. d4 Nf6 2. Bg5 Ne4 3. Bf4 c5 4. d5 Qb6 5. Nd2 Qxb2 6. Ngf3 Nc3 7. Nc4 Nxd1 8. Nxb2 Nxb2,"Wickert - Adams, Islington 1992"
Opening (A45),Opening (A45),1. d4 Nf6 2. Bg5 Ne4 3. h4 d5 4. Nd2 Qd6 5. c3 Ng3,1. d4 Nf6 2. Bg5 Ne4 3. h4 d5 4. Nd2 Qd6 5. c3 Ng3,"Gant - Kauschmann, Berlin 1988"
Opening (A04),Opening (A04),1. Nf3 Nc6 2. g3 e5 3. Bg2 e4 4. Nh4 d5 5. c4 g5,1. Nf3 Nc6 2. g3 e5 3. Bg2 e4 4. Nh4 d5 5. c4 g5,"Shameson - Wall, Bill, Mountain View, CA 1987"
Opening (A09),Opening (A09),1. Nf3 d5 2. c4 dxc4 3. e3 Nf6 4. Bxc4 Bg4 5. Ne5 Bh5 6. Qxh5,1. Nf3 d5 2. c4 dxc4 3. e3 Nf6 4. Bxc4 Bg4 5. Ne5 Bh5 6. Qxh5,"Deutsch - Konikowski, Vienna 1925"
Opening (A09),Opening (A09),1. Nf3 d5 2. c4 Nf6 3. g3 Bf5 4. cxd5 Nxd5 5. e4 Bxe4 6. Qa4+,1. Nf3 d5 2. c4 Nf6 3. g3 Bf5 4. cxd5 Nxd5 5. e4 Bxe4 6. Qa4+,"Zaitsik - Zichulidze, Tiblis 1976"
Opening (A06),Opening (A06),1. Nf3 d5 2. d3 d4 3. c3 dxc3 4. Nxc3 f5 5. e3 g6 6. d4 Bg7 7. Bc4 Nh6 8. Qb3 e6 9. Bxe6 Bxe6 10. Qxe6+ Qe7 11. Qc8+ Kf7 12. Qxb7 Nd7 13. Qd5+ Kf6 14. Qxa8 Rxa8 15. Nd5+,1. Nf3 d5 2. d3 d4 3. c3 dxc3 4. Nxc3 f5 5. e3 g6 6. d4 Bg7 7. Bc4 Nh6 8. Qb3 e6 9. Bxe6 Bxe6 10. Qxe6+ Qe7 11. Qc8+ Kf7 12. Qxb7 Nd7 13. Qd5+ Kf6 14. Qxa8 Rxa8 15. Nd5+,"Wall, Bill - X1000, Internet 1997"
Opening (A06),Opening (A06),1. Nf3 d5 2. e4 dxe4 3. Bb5+ c6,1. Nf3 d5 2. e4 dxe4 3. Bb5+ c6,"Jesates - Wall, Bill, Internet 1996"
Opening (A06),Opening (A06),1. Nf3 d5 2. e4 dxe4 3. Ng5 Bf5 4. Nc3 Nf6 5. Qe2 Nc6 6. Ngxe4 Nd4 7. Nxf6+ gxf6 8. Qd1 Nxc2+,1. Nf3 d5 2. e4 dxe4 3. Ng5 Bf5 4. Nc3 Nf6 5. Qe2 Nc6 6. Ngxe4 Nd4 7. Nxf6+ gxf6 8. Qd1 Nxc2+,"Chamness - Almgren, Santa Barbara 1956"
Opening (A06),Opening (A06),1. Nf3 d5 2. e4 dxe4 3. Ng5 Nf6 4. Nc3 Bf5 5. Qe2 c6 6. Ngxe4 Nbd7 7. Nd6#,1. Nf3 d5 2. e4 dxe4 3. Ng5 Nf6 4. Nc3 Bf5 5. Qe2 c6 6. Ngxe4 Nbd7 7. Nd6#,"Schroder - Blake, Brooklyn 1912"
Opening (A05),Opening (A05),1. Nf3 Nf6 2. g3 d5 3. Bg2 c6 4. c4 dxc4 5. Na3 e5 6. Nxe5 Bxa3 7. bxa3 Qd4 8. Rb1 Qxe5,1. Nf3 Nf6 2. g3 d5 3. Bg2 c6 4. c4 dxc4 5. Na3 e5 6. Nxe5 Bxa3 7. bxa3 Qd4 8. Rb1 Qxe5,"Ferrell - Wall, Bill, Dayton 1983"
Opening (A05),Opening (A05),1. Nf3 Nf6 2. g3 g6 3. Bg2 Bg7 4. O-O O-O 5. c4 d6 6. Nc3 e5 7. d3 Nh5 8. b4 e4,1. Nf3 Nf6 2. g3 g6 3. Bg2 Bg7 4. O-O O-O 5. c4 d6 6. Nc3 e5 7. d3 Nh5 8. b4 e4,"Kapischka - Kupreichik, Germany 1992"
Opening (C70),Opening (C70),1. e4 e5 2. Nf3 Nc6 3. Bb5 a6 4. Ba4 b5 5. Bb3 a5 6. a4 b4 7. d4 Bd6 8. dxe5 Nxe5 9. Nxe5 Bxe5 10. Qd5,1. e4 e5 2. Nf3 Nc6 3. Bb5 a6 4. Ba4 b5 5. Bb3 a5 6. a4 b4 7. d4 Bd6 8. dxe5 Nxe5 9. Nxe5 Bxe5 10. Qd5,"Fuller - Horton, Charlotte 1979"
Opening (C70),Opening (C70),1. e4 e5 2. Nf3 Nc6 3. Bb5 a6 4. Ba4 b5 5. Bb3 Nd4 6. Bxf7+ Kxf7 7. Nxe5+ Ke6 8. Qg4+ Kxe5 9. f4+ Kxe4 10. Nc3#,1. e4 e5 2. Nf3 Nc6 3. Bb5 a6 4. Ba4 b5 5. Bb3 Nd4 6. Bxf7+ Kxf7 7. Nxe5+ Ke6 8. Qg4+ Kxe5 9. f4+ Kxe4 10. Nc3#,"Martin - NN, Tilburg 1980"
Opening (C70),Opening (C70),1. e4 e5 2. Nf3 Nc6 3. Bb5 a6 4. Ba4 b5 5. Bb3 Nf6 6. Nc3 a5 7. Ng5 b4 8. Nxf7 Qe7 9. Nb5,1. e4 e5 2. Nf3 Nc6 3. Bb5 a6 4. Ba4 b5 5. Bb3 Nf6 6. Nc3 a5 7. Ng5 b4 8. Nxf7 Qe7 9. Nb5,"Wall, Bill - Lepine, Internet 1997"
Opening (C70),Opening (C70),1. e4 e5 2. Nf3 Nc6 3. Bb5 a6 4. Ba4 b5 5. Bb3 Nf6 6. O-O Nxe4 7. Nxe5 Nxe5 8. Qh5 Bd6 9. d4 Nc6 10. Qxf7#,1. e4 e5 2. Nf3 Nc6 3. Bb5 a6 4. Ba4 b5 5. Bb3 Nf6 6. O-O Nxe4 7. Nxe5 Nxe5 8. Qh5 Bd6 9. d4 Nc6 10. Qxf7#,"D'Agostino - Apodaca, Internet 1996"
Opening (C70),Opening (C70),1. e4 e5 2. Nf3 Nc6 3. Bb5 a6 4. Ba4 Nge7 5. O-O b5 6. Bb3 Na5 7. Nxe5 d6 8. Bxf7#,1. e4 e5 2. Nf3 Nc6 3. Bb5 a6 4. Ba4 Nge7 5. O-O b5 6. Bb3 Na5 7. Nxe5 d6 8. Bxf7#,"Moura - Mansa, Portugal 1993"
Opening (C77),Opening (C77),1. e4 e5 2. Nf3 Nc6 3. Bb5 a6 4. Ba4 Nf6 5. d4 b5 6. Bb3 Nxd4 7. Nxd4 exd4 8. e5 Ng8 9. Qf3,1. e4 e5 2. Nf3 Nc6 3. Bb5 a6 4. Ba4 Nf6 5. d4 b5 6. Bb3 Nxd4 7. Nxd4 exd4 8. e5 Ng8 9. Qf3,"Mantia, A. - Duhlmeier, Cincinnati 1964"
Opening (C90),Opening (C90),1. e4 e5 2. Nf3 Nc6 3. Bb5 a6 4. Ba4 Nf6 5. d4 exd4 6. O-O Be7 7. Re1 b5 8. Bb3 d6 9. Nxd4 Nxd4 10. Qxd4 c5,1. e4 e5 2. Nf3 Nc6 3. Bb5 a6 4. Ba4 Nf6 5. d4 exd4 6. O-O Be7 7. Re1 b5 8. Bb3 d6 9. Nxd4 Nxd4 10. Qxd4 c5,"Mueller - Petek, Germany 1993"
Opening (C77),Opening (C77),1. e4 e5 2. Nf3 Nc6 3. Bb5 a6 4. Ba4 Nf6 5. d4 Nxe4 6. d5 Ne7 7. Nxe5 b5 8. Bb3 Bb7 9. d6 Nxd6 10. Qxd6,1. e4 e5 2. Nf3 Nc6 3. Bb5 a6 4. Ba4 Nf6 5. d4 Nxe4 6. d5 Ne7 7. Nxe5 b5 8. Bb3 Bb7 9. d6 Nxd6 10. Qxd6,"Capablanca - Meyer, New York 1908"
Opening (C80),Opening (C80),1. e4 e5 2. Nf3 Nc6 3. Bb5 a6 4. Ba4 Nf6 5. O-O Nxe4 6. d4 b5 7. Bb3 exd4 8. Nxd4 Nc5 9. Nxc6 dxc6 10. Bxf7+,1. e4 e5 2. Nf3 Nc6 3. Bb5 a6 4. Ba4 Nf6 5. O-O Nxe4 6. d4 b5 7. Bb3 exd4 8. Nxd4 Nc5 9. Nxc6 dxc6 10. Bxf7+,"Belanger - Boies, Charny 1989"
Opening (C71),Opening (C71),1. e4 e5 2. Nf3 Nc6 3. Bb5 a6 4. Ba4 d6 5. d4 b5 6. Bb3 Nxd4 7. Nxd4 exd4 8. Qxd4 c5,1. e4 e5 2. Nf3 Nc6 3. Bb5 a6 4. Ba4 d6 5. d4 b5 6. Bb3 Nxd4 7. Nxd4 exd4 8. Qxd4 c5,"Uhlmeier - Kreutzkamp, Germany 1989"
Opening (C68),Opening (C68),1. e4 e5 2. Nf3 Nc6 3. Bb5 a6 4. Bxc6 dxc6 5. O-O Nf6 6. Nxe5 Bd6 7. Nc4 Nxe4 8. Qe2 Qe7 9. Re1 Nf6 10. Nxd6+ cxd6 11. Qxe7#,1. e4 e5 2. Nf3 Nc6 3. Bb5 a6 4. Bxc6 dxc6 5. O-O Nf6 6. Nxe5 Bd6 7. Nc4 Nxe4 8. Qe2 Qe7 9. Re1 Nf6 10. Nxd6+ cxd6 11. Qxe7#,"Moore - Peto, Britsh Columbia 1980"
Opening (C68),Opening (C68),1. e4 e5 2. Nf3 Nc6 3. Bb5 a6 4. Bxc6 dxc6 5. O-O Nf6 6. Nxe5 Nxe4 7. Re1 Qd4 8. d3 Qxf2+ 9. Kh1 Nf6 10. Ng4+,1. e4 e5 2. Nf3 Nc6 3. Bb5 a6 4. Bxc6 dxc6 5. O-O Nf6 6. Nxe5 Nxe4 7. Re1 Qd4 8. d3 Qxf2+ 9. Kh1 Nf6 10. Ng4+,"Wall, Bill - Flygare, Corr. 1995"
Opening (C68),Opening (C68),1. e4 e5 2. Nf3 Nc6 3. Bb5 a6 4. Bxc6 dxc6 5. O-O Bd6 6. d4 Bg4 7. dxe5 Bxe5 8. Qxd8+ Kxd8 9. Nxe5,1. e4 e5 2. Nf3 Nc6 3. Bb5 a6 4. Bxc6 dxc6 5. O-O Bd6 6. d4 Bg4 7. dxe5 Bxe5 8. Qxd8+ Kxd8 9. Nxe5,"Bradley - Bath, Ohio 1978"
Opening (C68),Opening (C68),1. e4 e5 2. Nf3 Nc6 3. Bb5 a6 4. Bxc6 dxc6 5. O-O Bd6 6. d4 Qf6 7. Bg5 Qe6 8. dxe5 h6 9. exd6 Qxd6 10. Bh4,1. e4 e5 2. Nf3 Nc6 3. Bb5 a6 4. Bxc6 dxc6 5. O-O Bd6 6. d4 Qf6 7. Bg5 Qe6 8. dxe5 h6 9. exd6 Qxd6 10. Bh4,"Wall, Bill - Ellena, W., San Antonio 1970"
Opening (C68),Opening (C68),1. e4 e5 2. Nf3 Nc6 3. Bb5 a6 4. Bxc6 dxc6 5. O-O Qd6 6. d4 Bg4 7. Bg5 f6 8. Be3 O-O-O 9. h3 h5 10. hxg4 hxg4 11. Nh2 exd4 12. Bd2 Qxh2#,1. e4 e5 2. Nf3 Nc6 3. Bb5 a6 4. Bxc6 dxc6 5. O-O Qd6 6. d4 Bg4 7. Bg5 f6 8. Be3 O-O-O 9. h3 h5 10. hxg4 hxg4 11. Nh2 exd4 12. Bd2 Qxh2#,"Duncan, V. - Wall, Bill, Dayton 1984"
Opening (C68),Opening (C68),1. e4 e5 2. Nf3 Nc6 3. Bb5 a6 4. Bxc6 dxc6 5. O-O Bg4 6. h3 Bh5 7. g4 Bg6 8. Nxe5 Bxe4 9. Re1 Qd5 10. Nc3 Qxe5 11. Rxe4,1. e4 e5 2. Nf3 Nc6 3. Bb5 a6 4. Bxc6 dxc6 5. O-O Bg4 6. h3 Bh5 7. g4 Bg6 8. Nxe5 Bxe4 9. Re1 Qd5 10. Nc3 Qxe5 11. Rxe4,"Wall, Bill - Henline, B., North Carolina 1977"
Opening (C68),Opening (C68),1. e4 e5 2. Nf3 Nc6 3. Bb5 a6 4. Bxc6 dxc6 5. O-O Bg4 6. h3 h5 7. hxg4 hxg4 8. Ne1 Qh4 9. f3 g3,1. e4 e5 2. Nf3 Nc6 3. Bb5 a6 4. Bxc6 dxc6 5. O-O Bg4 6. h3 h5 7. hxg4 hxg4 8. Ne1 Qh4 9. f3 g3,"Garner - Rowland, Arkansas 1979"
Opening (C68),Opening (C68),1. e4 e5 2. Nf3 Nc6 3. Bb5 a6 4. Bxc6 dxc6 5. O-O Bg4 6. h3 h5 7. d3 Qf6 8. Nbd2 Ne7 9. Re1 Ng6 10. Qe2 Bc5 11. hxg4 Nf4 12. Qd1 hxg4 13. Nb3 Qh6,1. e4 e5 2. Nf3 Nc6 3. Bb5 a6 4. Bxc6 dxc6 5. O-O Bg4 6. h3 h5 7. d3 Qf6 8. Nbd2 Ne7 9. Re1 Ng6 10. Qe2 Bc5 11. hxg4 Nf4 12. Qd1 hxg4 13. Nb3 Qh6,"Gonzales - Dyke, Los Angeles 1976"
Opening (C68),Opening (C68),1. e4 e5 2. Nf3 Nc6 3. Bb5 a6 4. Bxc6 dxc6 5. O-O Bg4 6. h3 h5 7. d3 Qf6 8. Be3 Ne7 9. Nbd2 Ng6 10. hxg4 hxg4 11. Ng5 Nf4 12. Qxg4 Qxg5 13. Qf3 Qxg2+ 14. Qxg2 Ne2#,1. e4 e5 2. Nf3 Nc6 3. Bb5 a6 4. Bxc6 dxc6 5. O-O Bg4 6. h3 h5 7. d3 Qf6 8. Be3 Ne7 9. Nbd2 Ng6 10. hxg4 hxg4 11. Ng5 Nf4 12. Qxg4 Qxg5 13. Qf3 Qxg2+ 14. Qxg2 Ne2#,"Bohm - Hernandez, Amsterdam 1979"
Opening (C68),Opening (C68),1. e4 e5 2. Nf3 Nc6 3. Bb5 a6 4. Bxc6 dxc6 5. O-O f6 6. d4 exd4 7. Nxd4 Bc5 8. Qh5+ g6 9. Qxc5,1. e4 e5 2. Nf3 Nc6 3. Bb5 a6 4. Bxc6 dxc6 5. O-O f6 6. d4 exd4 7. Nxd4 Bc5 8. Qh5+ g6 9. Qxc5,"Foley - Hoffman, Ohio 1979"
Opening (C68),Opening (C68),1. e4 e5 2. Nf3 Nc6 3. Bb5 a6 4. Bxc6 dxc6 5. O-O f6 6. d4 exd4 7. Nxd4 c5 8. Nb3 Qxd1 9. Rxd1 Bd6 10. Na5 Bg4 11. f3 O-O-O 12. e5,1. e4 e5 2. Nf3 Nc6 3. Bb5 a6 4. Bxc6 dxc6 5. O-O f6 6. d4 exd4 7. Nxd4 c5 8. Nb3 Qxd1 9. Rxd1 Bd6 10. Na5 Bg4 11. f3 O-O-O 12. e5,"Hort - Zheliandinaov, Havana 1967"
Opening (C68),Opening (C68),1. e4 e5 2. Nf3 Nc6 3. Bb5 a6 4. Bxc6 dxc6 5. O-O f6 6. d4 exd4 7. Nxd4 c5 8. Nb3 Qxd1 9. Rxd1 Bd7 10. Bf4 O-O-O 11. Nc3 c6 12. Na4 b5 13. Nb6+ Kb7 14. Nxd7,1. e4 e5 2. Nf3 Nc6 3. Bb5 a6 4. Bxc6 dxc6 5. O-O f6 6. d4 exd4 7. Nxd4 c5 8. Nb3 Qxd1 9. Rxd1 Bd7 10. Bf4 O-O-O 11. Nc3 c6 12. Na4 b5 13. Nb6+ Kb7 14. Nxd7,"Glass - Bauer, Switzerland 1977"
Opening (C64),Opening (C64),1. e4 e5 2. Nf3 Nc6 3. Bb5 Bc5 4. c3 d6 5. d4 exd4 6. cxd4 Bb4+ 7. Kf1 Bd7 8. Qa4 Qe7 9. d5 Qxe4 10. Nc3 Qg4 11. h3,1. e4 e5 2. Nf3 Nc6 3. Bb5 Bc5 4. c3 d6 5. d4 exd4 6. cxd4 Bb4+ 7. Kf1 Bd7 8. Qa4 Qe7 9. d5 Qxe4 10. Nc3 Qg4 11. h3,"Ralls - Beaulieu, Internet 1996"
Opening (C61),Opening (C61),1. e4 e5 2. Nf3 Nc6 3. Bb5 Nd4 4. Bc4 b5 5. Bxf7+ Kxf7 6. Nxd4 exd4 7. Qh5+ g6 8. Qd5+,1. e4 e5 2. Nf3 Nc6 3. Bb5 Nd4 4. Bc4 b5 5. Bxf7+ Kxf7 6. Nxd4 exd4 7. Qh5+ g6 8. Qd5+,"Wall, Bill - Soltz, B., San Antonio 1994"
Opening (C60),Opening (C60),1. e4 e5 2. Nf3 Nc6 3. Bb5 Nge7 4. c3 a6 5. Bc4 h6 6. d4 d6 7. Qb3 Na5 8. Bxf7+ Kd7 9. Nxe5+ dxe5 10. Qe6#,1. e4 e5 2. Nf3 Nc6 3. Bb5 Nge7 4. c3 a6 5. Bc4 h6 6. d4 d6 7. Qb3 Na5 8. Bxf7+ Kd7 9. Nxe5+ dxe5 10. Qe6#,"Benko, P. - Sawayer, New York 1964"
Opening (C65),Opening (C65),1. e4 e5 2. Nf3 Nc6 3. Bb5 Nf6 4. d3 Bc5 5. Bxc6 dxc6 6. Nxe5 Qd4,1. e4 e5 2. Nf3 Nc6 3. Bb5 Nf6 4. d3 Bc5 5. Bxc6 dxc6 6. Nxe5 Qd4,"Dykes - Somoza, Columbus, Ohio 1977"
Opening (C65),Opening (C65),1. e4 e5 2. Nf3 Nc6 3. Bb5 Nf6 4. Bxc6 dxc6 5. d3 Bd6 6. Bg5 O-O 7. d4 Bg4 8. dxe5 Bxe5 9. Qxd8 Raxd8 10. Nxe5 Rd1#,1. e4 e5 2. Nf3 Nc6 3. Bb5 Nf6 4. Bxc6 dxc6 5. d3 Bd6 6. Bg5 O-O 7. d4 Bg4 8. dxe5 Bxe5 9. Qxd8 Raxd8 10. Nxe5 Rd1#,"Yinger - Tyner, Orlando 1996"
Opening (C67),Opening (C67),1. e4 e5 2. Nf3 Nc6 3. Bb5 Nf6 4. O-O Nxe4 5. Re1 f5 6. d3 Nd6 7. Bxc6 dxc6 8. Rxe5+ Kf7 9. Bg5 Qd7 10. Re7+ Bxe7 11. Ne5+,1. e4 e5 2. Nf3 Nc6 3. Bb5 Nf6 4. O-O Nxe4 5. Re1 f5 6. d3 Nd6 7. Bxc6 dxc6 8. Rxe5+ Kf7 9. Bg5 Qd7 10. Re7+ Bxe7 11. Ne5+,"Pearsall - White, Corr. 1935"
Opening (C65),Opening (C65),1. e4 e5 2. Nf3 Nc6 3. Bb5 Nf6 4. O-O a6 5. Bxc6 bxc6 6. Nxe5 Nxe4 7. Re1 d5 8. d3 Nxf2 9. Qf3,1. e4 e5 2. Nf3 Nc6 3. Bb5 Nf6 4. O-O a6 5. Bxc6 bxc6 6. Nxe5 Nxe4 7. Re1 d5 8. d3 Nxf2 9. Qf3,"Wall, Bill - LonelyMonkey, Internet 1996"
Opening (B00),Opening (B00),1. e4 a6 2. d4 b5 3. c4 bxc4 4. Bxc4 Bb7 5. Qb3,1. e4 a6 2. d4 b5 3. c4 bxc4 4. Bxc4 Bb7 5. Qb3,"Mackowiak - Kusiak, Lublin 1980"
Opening (B00),Opening (B00),1. e4 a6 2. d4 b5 3. e5 e6 4. Qf3 Nc6 5. c3 Bb7 6. Nh3 Nxd4 7. Qxb7 Nc2+,1. e4 a6 2. d4 b5 3. e5 e6 4. Qf3 Nc6 5. c3 Bb7 6. Nh3 Nxd4 7. Qxb7 Nc2+,"Mic - Wall, Bill, Internet 1996"
Opening (B00),Opening (B00),1. e4 a6 2. d4 b5 3. Nf3 Bb7 4. Bd3 c5 5. dxc5 e6 6. O-O Bxc5 7. c4 b4 8. Bg5 f6 9. Be3 Qc7 10. Nh4 Ne7 11. Qh5+ g6 12. Qxc5,1. e4 a6 2. d4 b5 3. Nf3 Bb7 4. Bd3 c5 5. dxc5 e6 6. O-O Bxc5 7. c4 b4 8. Bg5 f6 9. Be3 Qc7 10. Nh4 Ne7 11. Qh5+ g6 12. Qxc5,"Wall, Bill - Ross, J., North Carolina 1980"
Opening (B00),Opening (B00),1. e4 a6 2. d4 b5 3. Nf3 Bb7 4. Bd3 e6 5. O-O c5 6. c3 Nf6 7. Re1 d5 8. e5 Nfd7 9. Ng5 cxd4 10. Nxe6 Qc8 11. Nxd4,1. e4 a6 2. d4 b5 3. Nf3 Bb7 4. Bd3 e6 5. O-O c5 6. c3 Nf6 7. Re1 d5 8. e5 Nfd7 9. Ng5 cxd4 10. Nxe6 Qc8 11. Nxd4,"Jowett - Andersen, Denmark 1991"
Opening (B00),Opening (B00),1. e4 a6 2. d4 b5 3. Nf3 Bb7 4. Bd3 Nf6 5. e5 Nd5 6. a4 b4 7. Ng5 g6 8. Qf3 f5 9. Bxf5 Qc8 10. Be4 c6 11. Nxh7,1. e4 a6 2. d4 b5 3. Nf3 Bb7 4. Bd3 Nf6 5. e5 Nd5 6. a4 b4 7. Ng5 g6 8. Qf3 f5 9. Bxf5 Qc8 10. Be4 c6 11. Nxh7,"Ochoa - Goncalves, Seville 1994"
Opening (C44),Opening (C44),1. e4 e5 2. Nf3 Nc6 3. d4 exd4 4. c3 dxc3 5. Bc4 Be7 6. Qd5,1. e4 e5 2. Nf3 Nc6 3. d4 exd4 4. c3 dxc3 5. Bc4 Be7 6. Qd5,"Muratov - Zonov, Moscow 1985"
Opening (C44),Opening (C44),1. e4 e5 2. Nf3 Nc6 3. d4 exd4 4. c3 dxc3 5. Bc4 Nf6 6. Nxc3 Bb4 7. e5 Ng4 8. Bxf7+ Kxf7 9. Ng5+ Kg8 10. Qd5+ Kf8 11. Qf7#,1. e4 e5 2. Nf3 Nc6 3. d4 exd4 4. c3 dxc3 5. Bc4 Nf6 6. Nxc3 Bb4 7. e5 Ng4 8. Bxf7+ Kxf7 9. Ng5+ Kg8 10. Qd5+ Kf8 11. Qf7#,"Casafus - Formanek, Lewisham 1981"
Opening (C44),Opening (C44),1. e4 e5 2. Nf3 Nc6 3. d4 exd4 4. Bc4 Bb4+ 5. c3 dxc3 6. Qd5 d6 7. Qxf7#,1. e4 e5 2. Nf3 Nc6 3. d4 exd4 4. Bc4 Bb4+ 5. c3 dxc3 6. Qd5 d6 7. Qxf7#,"Schachter - Grabowski, Germany 1985"
Opening (C44),Opening (C44),1. e4 e5 2. Nf3 Nc6 3. d4 exd4 4. Bc4 Bc5 5. c3 Nf6 6. b4 Bb6 7. e5 Ne4 8. b5 dxc3 9. Qd5 Bxf2+ 10. Ke2,1. e4 e5 2. Nf3 Nc6 3. d4 exd4 4. Bc4 Bc5 5. c3 Nf6 6. b4 Bb6 7. e5 Ne4 8. b5 dxc3 9. Qd5 Bxf2+ 10. Ke2,"Dowd - Roscher, Corr. 1990"
Opening (C44),Opening (C44),1. e4 e5 2. Nf3 Nc6 3. d4 exd4 4. Bc4 d6 5. c3 dxc3 6. Nxc3 Bg4 7. O-O Ne5 8. Nxe5 Bxd1 9. Bxf7+ Ke7 10. Nd5#,1. e4 e5 2. Nf3 Nc6 3. d4 exd4 4. Bc4 d6 5. c3 dxc3 6. Nxc3 Bg4 7. O-O Ne5 8. Nxe5 Bxd1 9. Bxf7+ Ke7 10. Nd5#,"Falkbeer - NN, Vienna 1947"
Opening (C44),Opening (C44),1. e4 e5 2. Nf3 Nc6 3. d4 exd4 4. Bc4 Be7 5. c3 dxc3 6. Qd5 Nh6 7. Bxh6 gxh6 8. Qxf7#,1. e4 e5 2. Nf3 Nc6 3. d4 exd4 4. Bc4 Be7 5. c3 dxc3 6. Qd5 Nh6 7. Bxh6 gxh6 8. Qxf7#,"DeVisser - Jennings, New York 1922"
Opening (C44),Opening (C44),1. e4 e5 2. Nf3 Nc6 3. d4 exd4 4. Bc4 Be7 5. c3 dxc3 6. Qd5 d6 7. Qxf7+ Kd7 8. Be6#,1. e4 e5 2. Nf3 Nc6 3. d4 exd4 4. Bc4 Be7 5. c3 dxc3 6. Qd5 d6 7. Qxf7+ Kd7 8. Be6#,"Sandrin - Reames, Chicago 1989"
Opening (C45),Opening (C45),1. e4 e5 2. Nf3 Nc6 3. d4 exd4 4. Nxd4 Bc5 5. Nxc6 Qh4 6. Nd4,1. e4 e5 2. Nf3 Nc6 3. d4 exd4 4. Nxd4 Bc5 5. Nxc6 Qh4 6. Nd4,"Magem - Fernandez, G., Spain 1975"
Opening (C45),Opening (C45),1. e4 e5 2. Nf3 Nc6 3. d4 exd4 4. Nxd4 Nxd4 5. Qxd4 Nf6 6. Bc4 Be7 7. e5 c5 8. Qf4,1. e4 e5 2. Nf3 Nc6 3. d4 exd4 4. Nxd4 Nxd4 5. Qxd4 Nf6 6. Bc4 Be7 7. e5 c5 8. Qf4,"Wall, Bill - Burton, Wichita Falls 1971"
Opening (C45),Opening (C45),1. e4 e5 2. Nf3 Nc6 3. d4 exd4 4. Nxd4 Nge7 5. Nc3 g6 6. Bg5 Bg7 7. Nd5 Bxd4 8. Qxd4 Nxd4 9. Nf6+ Kf8 10. Bh6#,1. e4 e5 2. Nf3 Nc6 3. d4 exd4 4. Nxd4 Nge7 5. Nc3 g6 6. Bg5 Bg7 7. Nd5 Bxd4 8. Qxd4 Nxd4 9. Nf6+ Kf8 10. Bh6#,"Hopkins - NN, London 1922"
Opening (C45),Opening (C45),1. e4 e5 2. Nf3 Nc6 3. d4 exd4 4. Nxd4 Qh4 5. Nc3 Nf6 6. Nf5 Qh5 7. Be2 Qg6 8. Nh4,1. e4 e5 2. Nf3 Nc6 3. d4 exd4 4. Nxd4 Qh4 5. Nc3 Nf6 6. Nf5 Qh5 7. Be2 Qg6 8. Nh4,"Frazer - Taubenhaus, Paris 1888"
Opening (C45),Opening (C45),1. e4 e5 2. Nf3 Nc6 3. d4 exd4 4. Nxd4 Nf6 5. Bd3 Nxd4,1. e4 e5 2. Nf3 Nc6 3. d4 exd4 4. Nxd4 Nf6 5. Bd3 Nxd4,"Lukelau - Wall, Bill, Internet 1996"
Opening (C45),Opening (C45),1. e4 e5 2. Nf3 Nc6 3. d4 exd4 4. Nxd4 Nf6 5. Bg5 Be7 6. Nf5 d5 7. exd5 Ne5 8. Nxe7 Qxe7 9. Bxf6 Nf3#,1. e4 e5 2. Nf3 Nc6 3. d4 exd4 4. Nxd4 Nf6 5. Bg5 Be7 6. Nf5 d5 7. exd5 Ne5 8. Nxe7 Qxe7 9. Bxf6 Nf3#,"Miller - Chernev, I., New York 1935"
Opening (C44),Opening (C44),1. e4 e5 2. Nf3 Nc6 3. d4 f5 4. exf5 e4 5. Ne5 Nxe5 6. dxe5 d6 7. Qh5+ Ke7 8. Bg5+ Nf6 9. exf6+,1. e4 e5 2. Nf3 Nc6 3. d4 f5 4. exf5 e4 5. Ne5 Nxe5 6. dxe5 d6 7. Qh5+ Ke7 8. Bg5+ Nf6 9. exf6+,"Wall, Bill - Milkman, Internet 1996"
Opening (C44),Opening (C44),1. e4 e5 2. Nf3 Nc6 3. d4 f6 4. Bc4 Bb4+ 5. c3 Ba5 6. dxe5 fxe5 7. Nxe5 Nxe5 8. Qh5+ Nf7 9. Qxf7#,1. e4 e5 2. Nf3 Nc6 3. d4 f6 4. Bc4 Bb4+ 5. c3 Ba5 6. dxe5 fxe5 7. Nxe5 Nxe5 8. Qh5+ Nf7 9. Qxf7#,"Jahn - Bayer, Germany 1992"
Opening (C44),Opening (C44),1. e4 e5 2. Nf3 Nc6 3. d4 Nf6 4. d5 Ne7 5. Nxe5 d6 6. Bb5+ c6 7. dxc6 Qa5+ 8. Nc3,1. e4 e5 2. Nf3 Nc6 3. d4 Nf6 4. d5 Ne7 5. Nxe5 d6 6. Bb5+ c6 7. dxc6 Qa5+ 8. Nc3,"Krumm - Mattern, Germany 1991"
Opening (B20),Opening (B20),1. e4 c5 2. b4 cxb4 3. a3 d5 4. exd5 Qxd5 5. axb4 Qe5+,1. e4 c5 2. b4 cxb4 3. a3 d5 4. exd5 Qxd5 5. axb4 Qe5+,"Shirazi - Peters, J., Berkeley 1984"
Opening (B22),Opening (B22),1. e4 c5 2. c3 d6 3. d4 Nf6 4. dxc5 Nxe4 5. Qa4+,1. e4 c5 2. c3 d6 3. d4 Nf6 4. dxc5 Nxe4 5. Qa4+,"Suchin - Miroshishenko, Moscow 1979"
Opening (B22),Opening (B22),1. e4 c5 2. c3 d5 3. exd5 Qxd5 4. Nf3 e6 5. d4 Nf6 6. Bd3 c4 7. Qa4+ b5,1. e4 c5 2. c3 d5 3. exd5 Qxd5 4. Nf3 e6 5. d4 Nf6 6. Bd3 c4 7. Qa4+ b5,"Wittig - Gelzenleichter, Dortmund 1987"
Opening (B22),Opening (B22),1. e4 c5 2. c3 Nf6 3. e5 Nd5 4. Bc4 Nf4 5. Qf3 Ng6 6. Qxf7#,1. e4 c5 2. c3 Nf6 3. e5 Nd5 4. Bc4 Nf4 5. Qf3 Ng6 6. Qxf7#,"Correa - Barkoviak, Internet 1996"
Opening (B23),Opening (B23),1. e4 c5 2. Nc3 Nc6 3. Nge2 g6 4. d3 Bg7 5. Be3 Nd4 6. g3 Nf3#,1. e4 c5 2. Nc3 Nc6 3. Nge2 g6 4. d3 Bg7 5. Be3 Nd4 6. g3 Nf3#,"Marjanovic - Zhivanov, Panchev 1946"
Opening (B23),Opening (B23),1. e4 c5 2. Nc3 Nc6 3. f4 g6 4. Nf3 Bg7 5. Bb5 Nd4 6. Nxd4 cxd4 7. Ne2 e6 8. d3 Qa5+,1. e4 c5 2. Nc3 Nc6 3. f4 g6 4. Nf3 Bg7 5. Bb5 Nd4 6. Nxd4 cxd4 7. Ne2 e6 8. d3 Qa5+,"Smrcka - Engel, Corr. 1968"
Opening (B20),Opening (B20),1. e4 c5 2. c4 Nc6 3. Ne2 Nf6 4. Nbc3 Nb4 5. g3 Nd3#,1. e4 c5 2. c4 Nc6 3. Ne2 Nf6 4. Nbc3 Nb4 5. g3 Nd3#,"Molinari - Bordais, Europe 1979"
Opening (B21),Opening (B21),1. e4 c5 2. d4 Na6 3. Bxa6 bxa6 4. dxc5 Nf6 5. e5 Ne4 6. Qd5,1. e4 c5 2. d4 Na6 3. Bxa6 bxa6 4. dxc5 Nf6 5. e5 Ne4 6. Qd5,"Wall, Bill - Somarian, Internet 1996"
Opening (B21),Opening (B21),1. e4 c5 2. d4 d5 3. Nc3 dxe4 4. Nxe4 Nd7 5. Qe2 Ngf6 6. Nd6#,1. e4 c5 2. d4 d5 3. Nc3 dxe4 4. Nxe4 Nd7 5. Qe2 Ngf6 6. Nd6#,"Deming - Cornell, Indiana 1980"
Opening (B21),Opening (B21),1. e4 c5 2. d4 cxd4 3. c3 dxc3 4. Nxc3 d6 5. Bc4 g6 6. e5 dxe5 7. Bxf7+ Kxf7 8. Qxd8,1. e4 c5 2. d4 cxd4 3. c3 dxc3 4. Nxc3 d6 5. Bc4 g6 6. e5 dxe5 7. Bxf7+ Kxf7 8. Qxd8,"Rechi - Grassi, Dubai 1986"
Opening (B21),Opening (B21),1. e4 c5 2. d4 cxd4 3. c3 dxc3 4. Nxc3 d6 5. Bc4 Nf6 6. e5 dxe5 7. Bxf7+ Kxf7 8. Qxd8,1. e4 c5 2. d4 cxd4 3. c3 dxc3 4. Nxc3 d6 5. Bc4 Nf6 6. e5 dxe5 7. Bxf7+ Kxf7 8. Qxd8,"Zardus - Steventon, New Jersey 1986"
Opening (B21),Opening (B21),1. e4 c5 2. d4 cxd4 3. c3 dxc3 4. Nxc3 d6 5. Nf3 Nf6 6. Bc4 Nc6 7. e5 Nxe5 8. Nxe5 dxe5 9. Bxf7+ Kxf7 10. Qxd8,1. e4 c5 2. d4 cxd4 3. c3 dxc3 4. Nxc3 d6 5. Nf3 Nf6 6. Bc4 Nc6 7. e5 Nxe5 8. Nxe5 dxe5 9. Bxf7+ Kxf7 10. Qxd8,"Kvist - Johannson, Corr. 1958"
Opening (B21),Opening (B21),1. e4 c5 2. d4 cxd4 3. c3 dxc3 4. Nxc3 Nc6 5. Nf3 g6 6. Bc4 Na5 7. Bxf7+ Kxf7 8. Qd4 Bg7 9. Ng5+ Kf8 10. Ne6+,1. e4 c5 2. d4 cxd4 3. c3 dxc3 4. Nxc3 Nc6 5. Nf3 g6 6. Bc4 Na5 7. Bxf7+ Kxf7 8. Qd4 Bg7 9. Ng5+ Kf8 10. Ne6+,"Kurtes - Berta, Hungary 1958"
Opening (B30),Opening (B30),1. e4 c5 2. Nf3 Nc6 3. Bb5 a6 4. Ba4 b5 5. Bb3 c4,1. e4 c5 2. Nf3 Nc6 3. Bb5 a6 4. Ba4 b5 5. Bb3 c4,"Bleischmidt - Lytschuk, Corr. 1976"
Opening (B30),Opening (B30),1. e4 c5 2. Nf3 Nc6 3. Bb5 Qb6 4. Nc3 Nd4 5. Nxd4 cxd4 6. Nd5 Qd8 7. Qh5 a6 8. Qe5 f6 9. Nc7+ Kf7 10. Qd5+ e6 11. Nxe6 dxe6 12. Qxd8,1. e4 c5 2. Nf3 Nc6 3. Bb5 Qb6 4. Nc3 Nd4 5. Nxd4 cxd4 6. Nd5 Qd8 7. Qh5 a6 8. Qe5 f6 9. Nc7+ Kf7 10. Qd5+ e6 11. Nxe6 dxe6 12. Qxd8,"Smirin - Afek, Israel 1992"
Opening (B30),Opening (B30),1. e4 c5 2. Nf3 Nc6 3. Bc4 d6 4. O-O Nf6 5. d3 Bg4 6. h3 Bh5 7. g4 Nxg4 8. hxg4 Bxg4 9. Bxf7+ Kd7 10. Bd5 Ne5 11. Nxe5+ dxe5 12. Qxg4+,1. e4 c5 2. Nf3 Nc6 3. Bc4 d6 4. O-O Nf6 5. d3 Bg4 6. h3 Bh5 7. g4 Nxg4 8. hxg4 Bxg4 9. Bxf7+ Kd7 10. Bd5 Ne5 11. Nxe5+ dxe5 12. Qxg4+,"Tulip - Clissold, Nottingham 1946"
Opening (B32),Opening (B32),1. e4 c5 2. Nf3 Nc6 3. d4 cxd4 4. Nxd4 e5 5. Nf5 Nge7 6. Nd6#,1. e4 c5 2. Nf3 Nc6 3. d4 cxd4 4. Nxd4 e5 5. Nf5 Nge7 6. Nd6#,"McCrowther - McCann, Scotland 1893"
Opening (B57),Opening (B57),1. e4 c5 2. Nf3 Nc6 3. d4 cxd4 4. Nxd4 Nf6 5. Nc3 d6 6. Bc4 g6 7. Nxc6 bxc6 8. e5 dxe5 9. Bxf7+ Kxf7 10. Qxd8,1. e4 c5 2. Nf3 Nc6 3. d4 cxd4 4. Nxd4 Nf6 5. Nc3 d6 6. Bc4 g6 7. Nxc6 bxc6 8. e5 dxe5 9. Bxf7+ Kxf7 10. Qxd8,"Vavrak - Mohsin, Germany 1992"
Opening (B60),Opening (B60),1. e4 c5 2. Nf3 Nc6 3. d4 cxd4 4. Nxd4 Nf6 5. Nc3 d6 6. Bg5 Bd7 7. Be2 e5 8. Ndb5 Bc8 9. Nd5 Be6 10. Nbc7+,1. e4 c5 2. Nf3 Nc6 3. d4 cxd4 4. Nxd4 Nf6 5. Nc3 d6 6. Bg5 Bd7 7. Be2 e5 8. Ndb5 Bc8 9. Nd5 Be6 10. Nbc7+,"Mecking - Sepulveda, Internet 1995"
Opening (B50),Opening (B50),1. e4 c5 2. Nf3 d6 3. c3 Nf6 4. Be2 Nxe4 5. Qa4+,1. e4 c5 2. Nf3 d6 3. c3 Nf6 4. Be2 Nxe4 5. Qa4+,"Seret - Liedl, France 1992"
Opening (B50),Opening (B50),1. e4 c5 2. Nf3 d6 3. c3 Nf6 4. h3 Nxe4 5. Qa4+ Nc6 6. Qxe4,1. e4 c5 2. Nf3 d6 3. c3 Nf6 4. h3 Nxe4 5. Qa4+ Nc6 6. Qxe4,"Hodova - Pop, Herculane 1994"
Opening (B50),Opening (B50),1. e4 c5 2. Nf3 d6 3. Bc4 Nc6 4. O-O e6 5. c3 Nf6 6. d4 Nxe4 7. d5 Ne7 8. dxe6 Bxe6 9. Bxe6 fxe6 10. Qa4+,1. e4 c5 2. Nf3 d6 3. Bc4 Nc6 4. O-O e6 5. c3 Nf6 6. d4 Nxe4 7. d5 Ne7 8. dxe6 Bxe6 9. Bxe6 fxe6 10. Qa4+,"Wetscherek - Erhart, Germany 1992"
Opening (B50),Opening (B50),1. e4 c5 2. Nf3 d6 3. d4 b6 4. dxc5 bxc5 5. Qd5,1. e4 c5 2. Nf3 d6 3. d4 b6 4. dxc5 bxc5 5. Qd5,"Michel - Illescu, Mar del Plata 1972"
Opening (B50),Opening (B50),1. e4 c5 2. Nf3 d6 3. d4 Nc6 4. d5 Nb8 5. Ng5 h6 6. Bb5+ Nd7 7. Ne6 fxe6 8. Qh5+ g6 9. Qxg6#,1. e4 c5 2. Nf3 d6 3. d4 Nc6 4. d5 Nb8 5. Ng5 h6 6. Bb5+ Nd7 7. Ne6 fxe6 8. Qh5+ g6 9. Qxg6#,"Martin - Fernandez, Internet 1995"
Opening (B53),Opening (B53),1. e4 c5 2. Nf3 d6 3. d4 cxd4 4. Qxd4 a6 5. Be3 b5 6. Qd5,1. e4 c5 2. Nf3 d6 3. d4 cxd4 4. Qxd4 a6 5. Be3 b5 6. Qd5,"Veroci - Kondou, Thessaloniki 1984"
Opening (B53),Opening (B53),1. e4 c5 2. Nf3 d6 3. d4 cxd4 4. Qxd4 a6 5. Be3 Nf6 6. Nc3 Nc6 7. Qd2 e6 8. O-O-O Qc7 9. Bf4 Ne5 10. Nxe5 dxe5 11. Bxe5 Qxe5 12. Qd8#,1. e4 c5 2. Nf3 d6 3. d4 cxd4 4. Qxd4 a6 5. Be3 Nf6 6. Nc3 Nc6 7. Qd2 e6 8. O-O-O Qc7 9. Bf4 Ne5 10. Nxe5 dxe5 11. Bxe5 Qxe5 12. Qd8#,"Vasiukov - Yasseem, Qatar 1992"
Opening (B94),Opening (B94),1. e4 c5 2. Nf3 d6 3. d4 cxd4 4. Nxd4 Nf6 5. Nc3 a6 6. Bg5 Qb6 7. Nb3 Qb4 8. Bd3 h6 9. Be3 d5 10. Bc5,1. e4 c5 2. Nf3 d6 3. d4 cxd4 4. Nxd4 Nf6 5. Nc3 a6 6. Bg5 Qb6 7. Nb3 Qb4 8. Bd3 h6 9. Be3 d5 10. Bc5,"Sandmer - Wimmer, Vienna 1996"
Opening (B72),Opening (B72),1. e4 c5 2. Nf3 d6 3. d4 cxd4 4. Nxd4 Nf6 5. Nc3 g6 6. Be3 Ng4 7. Bb5+ Bd7 8. Qxg4,1. e4 c5 2. Nf3 d6 3. d4 cxd4 4. Nxd4 Nf6 5. Nc3 g6 6. Be3 Ng4 7. Bb5+ Bd7 8. Qxg4,"Rahn - Rellstab, Germany 1941"
Opening (B71),Opening (B71),1. e4 c5 2. Nf3 d6 3. d4 cxd4 4. Nxd4 Nf6 5. Nc3 g6 6. f4 Bg7 7. e5 dxe5 8. Bb5+ Kf8 9. Ne6+,1. e4 c5 2. Nf3 d6 3. d4 cxd4 4. Nxd4 Nf6 5. Nc3 g6 6. f4 Bg7 7. e5 dxe5 8. Bb5+ Kf8 9. Ne6+,"Teupe - Wittig, Landau 1988"
Opening (B57),Opening (B57),1. e4 c5 2. Nf3 d6 3. d4 cxd4 4. Nxd4 Nf6 5. Nc3 Nc6 6. Bc4 g6 7. Nxc6 bxc6 8. e5 dxe5 9. Bxf7+ Kxf7 10. Qxd8,1. e4 c5 2. Nf3 d6 3. d4 cxd4 4. Nxd4 Nf6 5. Nc3 Nc6 6. Bc4 g6 7. Nxc6 bxc6 8. e5 dxe5 9. Bxf7+ Kxf7 10. Qxd8,"Stenner - Husfeldt, Germany 1989"
Opening (B41),Opening (B41),1. e4 c5 2. Nf3 e6 3. d4 cxd4 4. Nxd4 a6 5. Bf4 e5 6. Bxe5 Qa5+,1. e4 c5 2. Nf3 e6 3. d4 cxd4 4. Nxd4 a6 5. Bf4 e5 6. Bxe5 Qa5+,"NN - Pandolfini, New York 1967"
Opening (B43),Opening (B43),1. e4 c5 2. Nf3 e6 3. d4 cxd4 4. Nxd4 a6 5. Nc3 g6 6. Be3 Bg7 7. Nb3 Ne7 8. Na4 Nbc6 9. Bb6,1. e4 c5 2. Nf3 e6 3. d4 cxd4 4. Nxd4 a6 5. Nc3 g6 6. Be3 Bg7 7. Nb3 Ne7 8. Na4 Nbc6 9. Bb6,"Hector - Vidarsson, Reykjavik 1996"
Opening (B27),Opening (B27),1. e4 c5 2. Nf3 f6 3. d4 cxd4 4. Nxd4 e5 5. Nf5 Ne7 6. Nd6#,1. e4 c5 2. Nf3 f6 3. d4 cxd4 4. Nxd4 e5 5. Nf5 Ne7 6. Nd6#,"Larsen - NN, Eindhoven 1982"
Opening (C30),Opening (C30),1. e4 c5 2. f4 e5 3. Nf3 d5 4. Nxe5 dxe4 5. Bc4 Nh6 6. Qe2 Bd6 7. Bb5+ Kf8 8. Qxe4 Qc7 9. Ng6+,1. e4 c5 2. f4 e5 3. Nf3 d5 4. Nxe5 dxe4 5. Bc4 Nh6 6. Qe2 Bd6 7. Bb5+ Kf8 8. Qxe4 Qc7 9. Ng6+,"Ekenberg - Alfredsson, Malmo 1966"
Opening (B21),Opening (B21),1. e4 c5 2. f4 g6 3. Nf3 Bg7 4. Nc3 d6 5. Bc4 Bg4 6. Bxf7+ Kxf7 7. Ng5+ Ke8 8. Qxg4 Nh6 9. Qg3 Qa5 10. Nxh7 Rxh7 11. Qxg6+,1. e4 c5 2. f4 g6 3. Nf3 Bg7 4. Nc3 d6 5. Bc4 Bg4 6. Bxf7+ Kxf7 7. Ng5+ Ke8 8. Qxg4 Nh6 9. Qg3 Qa5 10. Nxh7 Rxh7 11. Qxg6+,"Springett - Wead, Internet 1995"
Opening (C46),Opening (C46),1. e4 e5 2. Nf3 Nc6 3. Nc3 Bc5 4. Nxe5 Nxe5 5. d4 Bxd4 6. Qxd4 Qf6 7. Nb5 Kd8 8. Qc5 Nc6 9. Qf8#,1. e4 e5 2. Nf3 Nc6 3. Nc3 Bc5 4. Nxe5 Nxe5 5. d4 Bxd4 6. Qxd4 Qf6 7. Nb5 Kd8 8. Qc5 Nc6 9. Qf8#,"Reti - Dunkelblum, Vienna 1914"
Opening (C46),Opening (C46),1. e4 e5 2. Nf3 Nc6 3. Nc3 Bc5 4. Nxe5 Bxf2+ 5. Kxf2 Nxe5 6. d4 Qf6+ 7. Kg1 Nc6 8. e5 Nxe5 9. dxe5 Qb6+,1. e4 e5 2. Nf3 Nc6 3. Nc3 Bc5 4. Nxe5 Bxf2+ 5. Kxf2 Nxe5 6. d4 Qf6+ 7. Kg1 Nc6 8. e5 Nxe5 9. dxe5 Qb6+,"Broehl - Balduan, Porz 1992"
Opening (C46),Opening (C46),1. e4 e5 2. Nf3 Nc6 3. Nc3 Bc5 4. Nxe5 Bxf2+ 5. Kxf2 Qf6+ 6. Nf3 d6 7. Nd5 Qd8 8. d4 Be6 9. Ne3,1. e4 e5 2. Nf3 Nc6 3. Nc3 Bc5 4. Nxe5 Bxf2+ 5. Kxf2 Qf6+ 6. Nf3 d6 7. Nd5 Qd8 8. d4 Be6 9. Ne3,"Bojadgieva - Salazar, Malta 1980"
Opening (C46),Opening (C46),1. e4 e5 2. Nf3 Nc6 3. Nc3 d6 4. d4 exd4 5. Nxd4 g6 6. Nd5 Bg7 7. Nb5 Rb8 8. Ndxc7+ Kd7 9. Qxd6#,1. e4 e5 2. Nf3 Nc6 3. Nc3 d6 4. d4 exd4 5. Nxd4 g6 6. Nd5 Bg7 7. Nb5 Rb8 8. Ndxc7+ Kd7 9. Qxd6#,"Christensen - Jacobsen, B., Aarhus 1991"
Opening (C46),Opening (C46),1. e4 e5 2. Nf3 Nc6 3. Nc3 f5 4. Bc4 fxe4 5. Nxe4 d5 6. Bb5 dxe4 7. Bxc6+ bxc6 8. Nxe5 Qg5 9. Nxc6 Qxg2 10. Rf1 Bg4,1. e4 e5 2. Nf3 Nc6 3. Nc3 f5 4. Bc4 fxe4 5. Nxe4 d5 6. Bb5 dxe4 7. Bxc6+ bxc6 8. Nxe5 Qg5 9. Nxc6 Qxg2 10. Rf1 Bg4,"Stulz - Wall, Bill, Internet 1996"
Opening (C46),Opening (C46),1. e4 e5 2. Nf3 Nc6 3. Nc3 f5 4. d4 fxe4 5. Nxe5 Nf6 6. Bc4 d5 7. Nxd5 Nxd5 8. Qh5+ g6 9. Nxg6 Nf6 10. Bf7+ Kd7 11. Qf5+ Kd6 12. Bf4+ Ne5 13. Qxe5+,1. e4 e5 2. Nf3 Nc6 3. Nc3 f5 4. d4 fxe4 5. Nxe5 Nf6 6. Bc4 d5 7. Nxd5 Nxd5 8. Qh5+ g6 9. Nxg6 Nf6 10. Bf7+ Kd7 11. Qf5+ Kd6 12. Bf4+ Ne5 13. Qxe5+,"Michaelsen, D. - Michaelsen, F., Germany 1884"
Opening (C50),Opening (C50),1. e4 e5 2. Nf3 Nc6 3. Bc4 f6 4. Nh4 g5 5. Qh5+ Ke7 6. Nf5#,1. e4 e5 2. Nf3 Nc6 3. Bc4 f6 4. Nh4 g5 5. Qh5+ Ke7 6. Nf5#,"Hartlaub - Rosenbaum, Frieburg 1892"
Opening (C57),Opening (C57),1. e4 e5 2. Nf3 Nc6 3. Bc4 Nf6 4. Ng5 d5 5. exd5 Nb4 6. d6 Nbd5 7. dxc7 Qxc7 8. Bxd5 Nxd5 9. Qf3 Be7 10. Qxf7+,1. e4 e5 2. Nf3 Nc6 3. Bc4 Nf6 4. Ng5 d5 5. exd5 Nb4 6. d6 Nbd5 7. dxc7 Qxc7 8. Bxd5 Nxd5 9. Qf3 Be7 10. Qxf7+,"Fedotov - Woschkat, Internet 1996"
Opening (C57),Opening (C57),1. e4 e5 2. Nf3 Nc6 3. Bc4 Nf6 4. Ng5 d5 5. exd5 Nd4 6. c3 b5 7. Bf1 Nxd5 8. cxd4 Qxg5 9. Bxb5+ Kd8 10. Qf3 Bb7 11. O-O exd4 12. Qxf7 Nf6,1. e4 e5 2. Nf3 Nc6 3. Bc4 Nf6 4. Ng5 d5 5. exd5 Nd4 6. c3 b5 7. Bf1 Nxd5 8. cxd4 Qxg5 9. Bxb5+ Kd8 10. Qf3 Bb7 11. O-O exd4 12. Qxf7 Nf6,"Fischer - Burger, San Francisco 1964"
Opening (C57),Opening (C57),1. e4 e5 2. Nf3 Nc6 3. Bc4 Nf6 4. Ng5 d5 5. exd5 Nxd5 6. Nxf7 Kxf7 7. Qf3+ Qf6 8. Bxd5+ Be6 9. Bxc6 Qxf3 10. Bxf3,1. e4 e5 2. Nf3 Nc6 3. Bc4 Nf6 4. Ng5 d5 5. exd5 Nxd5 6. Nxf7 Kxf7 7. Qf3+ Qf6 8. Bxd5+ Be6 9. Bxc6 Qxf3 10. Bxf3,"Gilmore - Bringer, Dayton 1982"
Opening (C57),Opening (C57),1. e4 e5 2. Nf3 Nc6 3. Bc4 Nf6 4. Ng5 d5 5. exd5 Nxd5 6. d4 f6 7. dxe5 Nxe5 8. Bxd5 fxg5 9. O-O Bd7 10. Re1 Qf6 11. Qh5+ Qg6 12. Rxe5+,1. e4 e5 2. Nf3 Nc6 3. Bc4 Nf6 4. Ng5 d5 5. exd5 Nxd5 6. d4 f6 7. dxe5 Nxe5 8. Bxd5 fxg5 9. O-O Bd7 10. Re1 Qf6 11. Qh5+ Qg6 12. Rxe5+,"Fischer, Robert - Kuhn, Chicago 1964"
Opening (C57),Opening (C57),1. e4 e5 2. Nf3 Nc6 3. Bc4 Nf6 4. Ng5 Nd5 5. Nxf7 Kxf7 6. Bxd5+ Ke8 7. O-O Bc5 8. Nc3 Nd4 9. Qh5+ g6 10. Qxe5+,1. e4 e5 2. Nf3 Nc6 3. Bc4 Nf6 4. Ng5 Nd5 5. Nxf7 Kxf7 6. Bxd5+ Ke8 7. O-O Bc5 8. Nc3 Nd4 9. Qh5+ g6 10. Qxe5+,"Hryniw - Taggert, Corr. 1995"
Opening (C57),Opening (C57),1. e4 e5 2. Nf3 Nc6 3. Bc4 Nf6 4. Ng5 Nxe4 5. Nxf7 Qf6 6. Nxh8 Qxf2#,1. e4 e5 2. Nf3 Nc6 3. Bc4 Nf6 4. Ng5 Nxe4 5. Nxf7 Qf6 6. Nxh8 Qxf2#,"O'Brien - LauerSmith, Europe 1995"
Opening (C50),Opening (C50),1. e4 e5 2. Nf3 Nc6 3. Bc4 Nh6 4. d4 Bd6 5. Bg5 f6 6. Bxh6 gxh6 7. Nxe5 fxe5 8. Qh5+ Kf8 9. Qf7#,1. e4 e5 2. Nf3 Nc6 3. Bc4 Nh6 4. d4 Bd6 5. Bg5 f6 6. Bxh6 gxh6 7. Nxe5 fxe5 8. Qh5+ Kf8 9. Qf7#,"Wall, Bill - Kerazag, Internet 1996"
Opening (C55),Opening (C55),1. e4 e5 2. Nf3 Nc6 3. Bc4 Nf6 4. d3 d5 5. exd5 Nxd5 6. O-O Bg4 7. Re1 f6 8. Nxe5 Bxd1 9. Nxc6+,1. e4 e5 2. Nf3 Nc6 3. Bc4 Nf6 4. d3 d5 5. exd5 Nxd5 6. O-O Bg4 7. Re1 f6 8. Nxe5 Bxd1 9. Nxc6+,"Armas - Hartung, Dortmund 1988"
Opening (C55),Opening (C55),1. e4 e5 2. Nf3 Nc6 3. Bc4 Nf6 4. d4 Nxe4 5. dxe5 Bc5 6. Qd5,1. e4 e5 2. Nf3 Nc6 3. Bc4 Nf6 4. d4 Nxe4 5. dxe5 Bc5 6. Qd5,"Snyder - Ellis, Los Angeles 1972"
Opening (C57),Opening (C57),1. e4 e5 2. Nf3 Nc6 3. Bc4 Nf6 4. Ng5 Nxe4 5. Bxf7+ Ke7 6. Nxe4 Kxf7 7. Qf3+ Kg8 8. Ng5 Qe8 9. Qd5+ Qf7 10. Qxf7#,1. e4 e5 2. Nf3 Nc6 3. Bc4 Nf6 4. Ng5 Nxe4 5. Bxf7+ Ke7 6. Nxe4 Kxf7 7. Qf3+ Kg8 8. Ng5 Qe8 9. Qd5+ Qf7 10. Qxf7#,"Wall, Bill - Bubar, Tacoma 1968"
Opening (C50),Opening (C50),1. e4 e5 2. Nf3 Nc6 3. Bc4 Nd4 4. Nxe5 Qg5 5. Nxf7 Qxg2 6. Rf1 Qxe4+ 7. Be2 Nf3#,1. e4 e5 2. Nf3 Nc6 3. Bc4 Nd4 4. Nxe5 Qg5 5. Nxf7 Qxg2 6. Rf1 Qxe4+ 7. Be2 Nf3#,"Muhlock - Kostics, Cologne 1912"
Opening (C57),Opening (C57),1. e4 e5 2. Nf3 Nc6 3. Bc4 Nf6 4. Ng5 Bc5 5. Nxf7 Bxf2+ 6. Kxf2 Nxe4+ 7. Kg1 Qh4 8. Nxh8 Qf2#,1. e4 e5 2. Nf3 Nc6 3. Bc4 Nf6 4. Ng5 Bc5 5. Nxf7 Bxf2+ 6. Kxf2 Nxe4+ 7. Kg1 Qh4 8. Nxh8 Qf2#,"Yam - Wall, Bill, Internet 1996"
Opening (C57),Opening (C57),1. e4 e5 2. Nf3 Nc6 3. Bc4 Nf6 4. Ng5 Bc5 5. Nxf7 Bxf2+ 6. Kxf2 Nxe4+ 7. Ke1 Qh4+ 8. g3 Nxg3 9. Rf1 Nh1+ 10. Ke2 Qe4#,1. e4 e5 2. Nf3 Nc6 3. Bc4 Nf6 4. Ng5 Bc5 5. Nxf7 Bxf2+ 6. Kxf2 Nxe4+ 7. Ke1 Qh4+ 8. g3 Nxg3 9. Rf1 Nh1+ 10. Ke2 Qe4#,"Werner - Kutzner, Germany 1993"
Opening (C57),Opening (C57),1. e4 e5 2. Nf3 Nc6 3. Bc4 Nf6 4. Ng5 Bc5 5. Nxf7 Bxf2+ 6. Kxf2 Nxe4+ 7. Ke3 Qh4 8. Qf3 Nf6 9. Ke2 Qxc4+ 10. Kd1 Nd4,1. e4 e5 2. Nf3 Nc6 3. Bc4 Nf6 4. Ng5 Bc5 5. Nxf7 Bxf2+ 6. Kxf2 Nxe4+ 7. Ke3 Qh4 8. Qf3 Nf6 9. Ke2 Qxc4+ 10. Kd1 Nd4,"Jentzch - Nosotta, Corr. 1956"
Opening (C57),Opening (C57),1. e4 e5 2. Nf3 Nc6 3. Bc4 Nf6 4. Ng5 Bc5 5. Nxf7 Bxf2+ 6. Kf1 Qe7 7. Nxh8 d5 8. Bxd5 Bg4,1. e4 e5 2. Nf3 Nc6 3. Bc4 Nf6 4. Ng5 Bc5 5. Nxf7 Bxf2+ 6. Kf1 Qe7 7. Nxh8 d5 8. Bxd5 Bg4,"Crowley - Wall, Bill, Internet 1996"
Opening (C57),Opening (C57),1. e4 e5 2. Nf3 Nc6 3. Bc4 Nf6 4. Ng5 Bc5 5. Bxf7+ Ke7 6. Bc4 Rf8 7. Be2 Bxf2+ 8. Kxf2 Nxe4+ 9. Ke1 Nf2 10. Nxh7 Nxd1 11. Nxf8 Qxf8,1. e4 e5 2. Nf3 Nc6 3. Bc4 Nf6 4. Ng5 Bc5 5. Bxf7+ Ke7 6. Bc4 Rf8 7. Be2 Bxf2+ 8. Kxf2 Nxe4+ 9. Ke1 Nf2 10. Nxh7 Nxd1 11. Nxf8 Qxf8,"Matula - Leisebein, Corr. 1988"
Opening (C25),Opening (C25),1. e4 e5 2. Nc3 Bc5 3. Na4 Bxf2+ 4. Kxf2 Qh4+ 5. Ke3 Qf4+ 6. Kd3 d5 7. Qf3 dxe4+ 8. Qxe4 Bf5,1. e4 e5 2. Nc3 Bc5 3. Na4 Bxf2+ 4. Kxf2 Qh4+ 5. Ke3 Qf4+ 6. Kd3 d5 7. Qf3 dxe4+ 8. Qxe4 Bf5,"Plath - Reichel, Corr. 1980"
Opening (C25),Opening (C25),1. e4 e5 2. Nc3 Bc5 3. Bc4 Ne7 4. d3 Nbc6 5. Qh5 O-O 6. Bg5 Qe8 7. Nd5 Bb6 8. Nf6+ gxf6 9. Bxf6,1. e4 e5 2. Nc3 Bc5 3. Bc4 Ne7 4. d3 Nbc6 5. Qh5 O-O 6. Bg5 Qe8 7. Nd5 Bb6 8. Nf6+ gxf6 9. Bxf6,"Alekhine - De Cossio, San Sebastian 1944"
Opening (C25),Opening (C25),1. e4 e5 2. Nc3 Bc5 3. f4 Bxg1 4. Rxg1 d6 5. Bc4 Qh4+ 6. g3 Qxh2 7. Kf1 Bh3+,1. e4 e5 2. Nc3 Bc5 3. f4 Bxg1 4. Rxg1 d6 5. Bc4 Qh4+ 6. g3 Qxh2 7. Kf1 Bh3+,"Eissing - Draeger, Germany 1996"
Opening (C48),Opening (C48),1. e4 e5 2. Nc3 Nc6 3. Bb5 Nd4 4. Nf3 Nf6 5. d3 Bb4 6. O-O Bxc3 7. bxc3 Nxb5,1. e4 e5 2. Nc3 Nc6 3. Bb5 Nd4 4. Nf3 Nf6 5. d3 Bb4 6. O-O Bxc3 7. bxc3 Nxb5,"Megatron - Wall, Bill, Internet 1996"
Opening (C25),Opening (C25),1. e4 e5 2. Nc3 Nc6 3. Bc4 Na5 4. Bxf7+ Ke7 5. Bxg8 Rxg8 6. Nd5+ Kd6 7. d4 exd4 8. Bf4+,1. e4 e5 2. Nc3 Nc6 3. Bc4 Na5 4. Bxf7+ Ke7 5. Bxg8 Rxg8 6. Nd5+ Kd6 7. d4 exd4 8. Bf4+,"Keizer - Kroes, Corr. 1991"
Opening (C25),Opening (C25),1. e4 e5 2. Nc3 Nc6 3. Bc4 Bc5 4. Nd5 Nf6 5. Nxf6+ Qxf6 6. d3 Qxf2#,1. e4 e5 2. Nc3 Nc6 3. Bc4 Bc5 4. Nd5 Nf6 5. Nxf6+ Qxf6 6. d3 Qxf2#,"Carwell - Kirshner, Dublin 1992"
Opening (C25),Opening (C25),1. e4 e5 2. Nc3 Nc6 3. Bc4 Bc5 4. Qg4 Qf6 5. Nd5 Qxf2+ 6. Kd1 Na5 7. Nh3,1. e4 e5 2. Nc3 Nc6 3. Bc4 Bc5 4. Qg4 Qf6 5. Nd5 Qxf2+ 6. Kd1 Na5 7. Nh3,"Vukovic - Emmel, Hamburg 1979"
Opening (C25),Opening (C25),1. e4 e5 2. Nc3 Nc6 3. Bc4 Bc5 4. Qg4 Qf6 5. Nd5 Qxf2+ 6. Kd1 Kd8 7. Nh3 d6 8. Nxf2 Bxg4+ 9. Nxg4,1. e4 e5 2. Nc3 Nc6 3. Bc4 Bc5 4. Qg4 Qf6 5. Nd5 Qxf2+ 6. Kd1 Kd8 7. Nh3 d6 8. Nxf2 Bxg4+ 9. Nxg4,"Reichel - Knorr, Germany 1980"
Opening (C25),Opening (C25),1. e4 e5 2. Nc3 Nc6 3. Bc4 Bc5 4. Qg4 Qf6 5. Nd5 Qxf2+ 6. Kd1 Kf8 7. Nh3 Qd4 8. d3 Bb6 9. Rf1 f6 10. Nxf6 Nxf6 11. Bh6 gxh6 12. Rxf6+ Ke8 13. Qg7,1. e4 e5 2. Nc3 Nc6 3. Bc4 Bc5 4. Qg4 Qf6 5. Nd5 Qxf2+ 6. Kd1 Kf8 7. Nh3 Qd4 8. d3 Bb6 9. Rf1 f6 10. Nxf6 Nxf6 11. Bh6 gxh6 12. Rxf6+ Ke8 13. Qg7,"Brooks - Crous, South Africa 1946"
Opening (C25),Opening (C25),1. e4 e5 2. Nc3 Nc6 3. Bc4 Bc5 4. Qg4 Qf6 5. Nd5 Qxf2+ 6. Kd1 Kf8 7. Nh3 Qd4 8. d3 Nf6 9. Qf3 Nxd5 10. c3,1. e4 e5 2. Nc3 Nc6 3. Bc4 Bc5 4. Qg4 Qf6 5. Nd5 Qxf2+ 6. Kd1 Kf8 7. Nh3 Qd4 8. d3 Nf6 9. Qf3 Nxd5 10. c3,"Glasscoe - Wall, Bill, Sunnyvale, CA 1985"
Opening (C25),Opening (C25),1. e4 e5 2. Nc3 Nc6 3. Bc4 d6 4. f4 exf4 5. Nf3 Bg4 6. O-O Ne5 7. Nxe5 Bxd1 8. Bxf7+ Ke7 9. Nd5#,1. e4 e5 2. Nc3 Nc6 3. Bc4 d6 4. f4 exf4 5. Nf3 Bg4 6. O-O Ne5 7. Nxe5 Bxd1 8. Bxf7+ Ke7 9. Nd5#,"Luttles - Miller, USA 1964"
Opening (C25),Opening (C25),1. e4 e5 2. Nc3 Nc6 3. f4 d6 4. Nf3 a6 5. Bc4 Bg4 6. fxe5 Nxe5 7. Nxe5 Bxd1 8. Bxf7+ Ke7 9. Nd5#,1. e4 e5 2. Nc3 Nc6 3. f4 d6 4. Nf3 a6 5. Bc4 Bg4 6. fxe5 Nxe5 7. Nxe5 Bxd1 8. Bxf7+ Ke7 9. Nd5#,"Pillsbury - Fernandez, Havana 1900"
Opening (C25),Opening (C25),1. e4 e5 2. Nc3 Nc6 3. f4 exf4 4. Bc4 Qh4+ 5. Kf1 Bc5 6. g3 fxg3 7. Nf3 g2+ 8. Kxg2 Qf2+ 9. Kh3 d5#,1. e4 e5 2. Nc3 Nc6 3. f4 exf4 4. Bc4 Qh4+ 5. Kf1 Bc5 6. g3 fxg3 7. Nf3 g2+ 8. Kxg2 Qf2+ 9. Kh3 d5#,"Kolbe - Rotenstein, Berlin 1921"
Opening (C25),Opening (C25),1. e4 e5 2. Nc3 Nc6 3. f4 exf4 4. d4 Qh4+ 5. Ke2 d6 6. Nf3 Bg4 7. Bxf4 f5 8. Kd3 Qe7 9. Qd2 fxe4+ 10. Nxe4 Bf5 11. Re1 Nf6,1. e4 e5 2. Nc3 Nc6 3. f4 exf4 4. d4 Qh4+ 5. Ke2 d6 6. Nf3 Bg4 7. Bxf4 f5 8. Kd3 Qe7 9. Qd2 fxe4+ 10. Nxe4 Bf5 11. Re1 Nf6,"Bluemich - Svenson, Corr. 1910"
Opening (C25),Opening (C25),1. e4 e5 2. Nc3 Nc6 3. g3 Bc5 4. Bg2 h5 5. Nf3 h4 6. Nxe5 Nxe5 7. d4 h3 8. Bxh3 Bxd4 9. Bg2 Bxc3+ 10. bxc3 d6,1. e4 e5 2. Nc3 Nc6 3. g3 Bc5 4. Bg2 h5 5. Nf3 h4 6. Nxe5 Nxe5 7. d4 h3 8. Bxh3 Bxd4 9. Bg2 Bxc3+ 10. bxc3 d6,"Hauwert - Welling, Netherlands 1986"
Opening (C25),Opening (C25),1. e4 e5 2. Nc3 Ne7 3. Nd5 Rg8 4. Bc4 g6 5. Nf6#,1. e4 e5 2. Nc3 Ne7 3. Nd5 Rg8 4. Bc4 g6 5. Nf6#,"Bukavec - Koziskova, Kostelec 1950"
Opening (C25),Opening (C25),1. e4 e5 2. Nc3 f5 3. Bc4 fxe4 4. Qh5+ g6 5. Qxe5+ Qe7 6. Qxh8,1. e4 e5 2. Nc3 f5 3. Bc4 fxe4 4. Qh5+ g6 5. Qxe5+ Qe7 6. Qxh8,"Wall, Bill - Hatfield, Guam 1974"
Opening (C27),Opening (C27),1. e4 e5 2. Nc3 Nf6 3. Bc4 Nxe4 4. Nxe4 d5 5. Bb3 dxe4 6. Qh5 Qe7 7. Ne2 g6,1. e4 e5 2. Nc3 Nf6 3. Bc4 Nxe4 4. Nxe4 d5 5. Bb3 dxe4 6. Qh5 Qe7 7. Ne2 g6,"Papoushek - Lutsar, Prague 1987"
Opening (C27),Opening (C27),1. e4 e5 2. Nc3 Nf6 3. Bc4 Nxe4 4. Nxe4 d5 5. Bxd5 Qxd5 6. d3 Bf5 7. Qf3 Bg6 8. Nf6+ gxf6 9. Qxd5,1. e4 e5 2. Nc3 Nf6 3. Bc4 Nxe4 4. Nxe4 d5 5. Bxd5 Qxd5 6. d3 Bf5 7. Qf3 Bg6 8. Nf6+ gxf6 9. Qxd5,"Brunel - Kong, Paris 1989"
Opening (C27),Opening (C27),1. e4 e5 2. Nc3 Nf6 3. Bc4 Nxe4 4. Bxf7+ Kxf7 5. Nxe4 Nc6 6. Qf3+ Kg8 7. Ng5 Qe7 8. Qd5+,1. e4 e5 2. Nc3 Nf6 3. Bc4 Nxe4 4. Bxf7+ Kxf7 5. Nxe4 Nc6 6. Qf3+ Kg8 7. Ng5 Qe7 8. Qd5+,"Imbusch - Goring, Munich 1899"
Opening (C27),Opening (C27),1. e4 e5 2. Nc3 Nf6 3. Bc4 Nxe4 4. Qh5 Nd6 5. Bb3 Nc6 6. d4 exd4 7. Nd5 g6 8. Qe2+ Be7 9. Nf6+ Kf8 10. Bh6#,1. e4 e5 2. Nc3 Nf6 3. Bc4 Nxe4 4. Qh5 Nd6 5. Bb3 Nc6 6. d4 exd4 7. Nd5 g6 8. Qe2+ Be7 9. Nf6+ Kf8 10. Bh6#,"Bass - Armstrong, USA 1952"
Opening (C26),Opening (C26),1. e4 e5 2. Nc3 Nf6 3. f3 Nh5 4. d4 Qh4+ 5. g3 Nxg3 6. hxg3 Qxh1,1. e4 e5 2. Nc3 Nf6 3. f3 Nh5 4. d4 Qh4+ 5. g3 Nxg3 6. hxg3 Qxh1,"Lovegren, R. - Wall, Bill, Dayton 1980"
Opening (C29),Opening (C29),1. e4 e5 2. Nc3 Nf6 3. f4 d5 4. d4 Bb4 5. fxe5 Nxe4 6. Bd2 Qh4+ 7. Ke2 Qf2+ 8. Kd3 Bf5,1. e4 e5 2. Nc3 Nf6 3. f4 d5 4. d4 Bb4 5. fxe5 Nxe4 6. Bd2 Qh4+ 7. Ke2 Qf2+ 8. Kd3 Bf5,"Ninov - Nathan, Europe 1902"
Opening (C29),Opening (C29),1. e4 e5 2. Nc3 Nf6 3. f4 d5 4. fxe5 Nxe4 5. Nf3 Bg4 6. Qe2 Nc6 7. Nxe4 Nd4 8. Qd3 Bxf3 9. Ng3,1. e4 e5 2. Nc3 Nf6 3. f4 d5 4. fxe5 Nxe4 5. Nf3 Bg4 6. Qe2 Nc6 7. Nxe4 Nd4 8. Qd3 Bxf3 9. Ng3,"Wessman - Becz, Reykjavik 1990"
Opening (C29),Opening (C29),1. e4 e5 2. Nc3 Nf6 3. f4 d5 4. fxe5 Nxe4 5. Qf3 Nc6 6. Nxe4 Nd4 7. Qd3 dxe4 8. Qc3 Bb4 9. Qc4 Be6,1. e4 e5 2. Nc3 Nf6 3. f4 d5 4. fxe5 Nxe4 5. Qf3 Nc6 6. Nxe4 Nd4 7. Qd3 dxe4 8. Qc3 Bb4 9. Qc4 Be6,"Neureiter - Reinle, Germany 1960"
Opening (C29),Opening (C29),1. e4 e5 2. Nc3 Nf6 3. f4 d6 4. Nf3 Nbd7 5. Bc4 Be7 6. Bxf7+ Kxf7 7. Ng5+ Kg6 8. f5+ Kxg5 9. d3+ Kh4 10. Qf3,1. e4 e5 2. Nc3 Nf6 3. f4 d6 4. Nf3 Nbd7 5. Bc4 Be7 6. Bxf7+ Kxf7 7. Ng5+ Kg6 8. f5+ Kxg5 9. d3+ Kh4 10. Qf3,"Kadisch - NN, Mannheim 1931"
Opening (C29),Opening (C29),1. e4 e5 2. Nc3 Nf6 3. f4 exf4 4. e5 Qe7 5. Qe2 Ng8 6. Nf3 Nc6 7. d4 d6 8. Nd5 Qd8 9. Nxc7+ Qxc7 10. exd6+,1. e4 e5 2. Nc3 Nf6 3. f4 exf4 4. e5 Qe7 5. Qe2 Ng8 6. Nf3 Nc6 7. d4 d6 8. Nd5 Qd8 9. Nxc7+ Qxc7 10. exd6+,"Wurzburger - Peifer, Paris 1933"
Opening (C29),Opening (C29),1. e4 e5 2. Nc3 Nf6 3. f4 exf4 4. e5 Qe7 5. Qe2 Ng8 6. Nf3 d6 7. Nd5 Qd7 8. exd6+ Kd8 9. dxc7+,1. e4 e5 2. Nc3 Nf6 3. f4 exf4 4. e5 Qe7 5. Qe2 Ng8 6. Nf3 d6 7. Nd5 Qd7 8. exd6+ Kd8 9. dxc7+,"Krejcik - Kraus, Europe 1952"
Opening (C25),Opening (C25),1. e4 e5 2. Nc3 g6 3. Nd5 Ne7 4. Nf6#,1. e4 e5 2. Nc3 g6 3. Nd5 Ne7 4. Nf6#,"Reinle - Neureitser, Germany 1940"
Opening (D00),Opening (D00),1. d4 d5 2. Nc3 c5 3. e4 dxe4 4. Bf4 Qxd4 5. Nd5 Qxd1+ 6. Rxd1,1. d4 d5 2. Nc3 c5 3. e4 dxe4 4. Bf4 Qxd4 5. Nd5 Qxd1+ 6. Rxd1,"Mestrovic - Macic, Toplice 1968"
Opening (C40),Opening (C40),1. e4 e5 2. Nf3 f5 3. exf5 Bc5 4. Nxe5 d5 5. Qh5+ Ke7 6. Qg5+ Ke8 7. Qxd8+ Kxd8 8. Nf7+ Ke7 9. Nxh8,1. e4 e5 2. Nf3 f5 3. exf5 Bc5 4. Nxe5 d5 5. Qh5+ Ke7 6. Qg5+ Ke8 7. Qxd8+ Kxd8 8. Nf7+ Ke7 9. Nxh8,"Valverde - Rosso, Corr. 1998"
Opening (B20),Opening (B20),1. e4 c5 2. c4 Nc6 3. Ne2 Ne5 4. d4 Qa5+ 5. Bd2 Nd3#,1. e4 c5 2. c4 Nc6 3. Ne2 Ne5 4. d4 Qa5+ 5. Bd2 Nd3#,"Gardijan - Sulc, Crotia 2004"
Opening (C42),Opening (C42),1. e4 e5 2. Bc4 Nf6 3. Nf3 Nxe4 4. Nxe5 d5 5. Bb3 Qg5,1. e4 e5 2. Bc4 Nf6 3. Nf3 Nxe4 4. Nxe5 d5 5. Bb3 Qg5,"NN - Zukertort, Posen 1862"
Opening (A43),Opening (A43),1. e4 e6 2. d4 c5 3. d5 Nf6 4. Nc3 exd5 5. e5 d4 6. exf6 dxc3 7. Qe2+ Be7 8. fxe7 Qxe7 9. Qxe7+ Kxe7 10. Bc4,1. e4 e6 2. d4 c5 3. d5 Nf6 4. Nc3 exd5 5. e5 d4 6. exf6 dxc3 7. Qe2+ Be7 8. fxe7 Qxe7 9. Qxe7+ Kxe7 10. Bc4,"Rewitz - Nicolaisen, Aachen 1997"
Opening (C41),Opening (C41),1. e4 e5 2. Nf3 d6 3. d4 Nd7 4. Bc4 Be7 5. dxe5 dxe5 6. Qd5,1. e4 e5 2. Nf3 d6 3. d4 Nd7 4. Bc4 Be7 5. dxe5 dxe5 6. Qd5,"Spraggett - Bolleau, Montreal 1973"
Opening (B02),Opening (B02),1. e4 Nf6 2. Nc3 d5 3. e5 Ne4 4. Nce2 d4 5. c3 dxc3 6. Qa4+,1. e4 Nf6 2. Nc3 d5 3. e5 Ne4 4. Nce2 d4 5. c3 dxc3 6. Qa4+,"Gronchevsky - Ohlin, USSR 1973"
Opening (A45),Opening (A45),1. d4 Nc6 2. c4 Nf6 3. Nf3 d6 4. Nc3 Bg4 5. d5 Ne5 6. Nd2 Nd3+,1. d4 Nc6 2. c4 Nf6 3. Nf3 d6 4. Nc3 Bg4 5. d5 Ne5 6. Nd2 Nd3+,"Venert - Mechkarov, Bulgaria 1970"
Opening (A80),Opening (A80),1. d4 f5 2. Bg5 h6 3. Bh4 c5 4. e3 Qb6 5. b3 Nf6 6. dxc5 Qb4+,1. d4 f5 2. Bg5 h6 3. Bh4 c5 4. e3 Qb6 5. b3 Nf6 6. dxc5 Qb4+,"Hopton - Eastwood, England 1860"
Opening (A02),Opening (A02),1. f4 Nc6 2. b3 e5 3. e4 exf4 4. Bc4 Qh4+ 5. Kf1 Bc5 6. Nf3 Qf2#,1. f4 Nc6 2. b3 e5 3. e4 exf4 4. Bc4 Qh4+ 5. Kf1 Bc5 6. Nf3 Qf2#,"Bogorad - Labate, Parsippany 2004"
Opening (A00),Opening (A00),1. Nc3 d5 2. e4 dxe4 3. Nxe4 e5 4. Bc4 Bf5 5. Qf3 Bg6 6. Ng5 Nf6 7. Qb3,1. Nc3 d5 2. e4 dxe4 3. Nxe4 e5 4. Bc4 Bf5 5. Qf3 Bg6 6. Ng5 Nf6 7. Qb3,"Havenaar - Von Saldern, Guernsey 2001"
Opening (A00),Opening (A00),1. Nc3 e5 2. Nf3 d6 3. e4 Bg4 4. Bc4 Bh5 5. Nxe5 Bxd1 6. Bxf7+ Ke7 7. Nd5#,1. Nc3 e5 2. Nf3 d6 3. e4 Bg4 4. Bc4 Bh5 5. Nxe5 Bxd1 6. Bxf7+ Ke7 7. Nd5#,"Bjarnason - Dittler, Germay 2001"
Opening (D00),Opening (D00),1. d4 d5 2. Bf4 Nf6 3. e3 c5 4. c3 Qb6 5. Qc2 Bf5 6. Qxf5 Qxb2 7. Qc8#,1. d4 d5 2. Bf4 Nf6 3. e3 c5 4. c3 Qb6 5. Qc2 Bf5 6. Qxf5 Qxb2 7. Qc8#,"Vogel - Krivec, Dresden 2004"
Opening (B30),Opening (B30),1. e4 c5 2. Nf3 Nc6 3. Nc3 e5 4. Bc4 d6 5. d3 Bg4 6. h3 Bh5 7. Nxe5,1. e4 c5 2. Nf3 Nc6 3. Nc3 e5 4. Bc4 d6 5. d3 Bg4 6. h3 Bh5 7. Nxe5,"Ivanov, A. - Simms, G., Denver 2003"
Opening (B18),Opening (B18),1. e4 c6 2. d4 d5 3. Nd2 dxe4 4. Nxe4 Bf5 5. Bd3 Bg6 6. Qe2 Nd7 7. Nd6#,1. e4 c6 2. d4 d5 3. Nd2 dxe4 4. Nxe4 Bf5 5. Bd3 Bg6 6. Qe2 Nd7 7. Nd6#,"Carame - Matto, Gibralter 2004"
Opening (B01),Opening (B01),1. e4 d5 2. exd5 Qxd5 3. Nc3 Qa5 4. d4 c6 5. Bd3 Nf6 6. Nge2 Bf5 7. b4,1. e4 d5 2. exd5 Qxd5 3. Nc3 Qa5 4. d4 c6 5. Bd3 Nf6 6. Nge2 Bf5 7. b4,"Jenal - Stoecklin, Zurich 2003"
Opening (C40),Opening (C40),1. e4 e5 2. Nf3 f5 3. Nxe5 Qf6 4. d4 fxe4 5. Nc3 d6 6. Nd5 Qf5 7. g4,1. e4 e5 2. Nf3 f5 3. Nxe5 Qf6 4. d4 fxe4 5. Nc3 d6 6. Nd5 Qf5 7. g4,"Rodriguez - Herrera, Argentina 2003"
Opening (A05),Opening (A05),1. Nf3 Nf6 2. g3 b5 3. Na3 b4 4. Nc4 e6 5. Bg2 d5 6. Nce5 Bb7 7. Ng5,1. Nf3 Nf6 2. g3 b5 3. Na3 b4 4. Nc4 e6 5. Bg2 d5 6. Nce5 Bb7 7. Ng5,"Hartoch - Wilschut, Netherlands 2000"
Opening (B28),Opening (B28),1. e4 c5 2. Nf3 a6 3. d4 cxd4 4. Nxd4 Nf6 5. Bd3 e5 6. Nf3 d5 7. c3 dxe4,1. e4 c5 2. Nf3 a6 3. d4 cxd4 4. Nxd4 Nf6 5. Bd3 e5 6. Nf3 d5 7. c3 dxe4,"Mcinnes - L'Henoret, Denmark 2003"
Opening (D15),Opening (D15),1. d4 d5 2. c4 c6 3. Nc3 Nf6 4. Nf3 a6 5. Qc2 b5 6. cxd5 cxd5 7. Bf4 Nbd7 8. Nxb5,1. d4 d5 2. c4 c6 3. Nc3 Nf6 4. Nf3 a6 5. Qc2 b5 6. cxd5 cxd5 7. Bf4 Nbd7 8. Nxb5,"Tran - Viet, Vietnam 2004"
Opening (D53),Opening (D53),1. d4 d5 2. c4 e6 3. Nc3 Nf6 4. Bg5 Be7 5. e3 Nbd7 6. Bxf6 Nxf6 7. Bd3 Bb4 8. Qa4+,1. d4 d5 2. c4 e6 3. Nc3 Nf6 4. Bg5 Be7 5. e3 Nbd7 6. Bxf6 Nxf6 7. Bd3 Bb4 8. Qa4+,"Velunkova - Gunko, Ukraine 2003"
Opening (D90),Opening (D90),1. d4 Nf6 2. Nf3 g6 3. c4 Bg7 4. Nc3 d5 5. cxd5 Nxd5 6. Bg5 c5 7. Rc1 cxd4 8. Nxd5,1. d4 Nf6 2. Nf3 g6 3. c4 Bg7 4. Nc3 d5 5. cxd5 Nxd5 6. Bg5 c5 7. Rc1 cxd4 8. Nxd5,"Amigues - Hulin, Marseille 2003"
Opening (C30),Opening (C30),1. e4 e5 2. f4 d6 3. Nf3 Nc6 4. Bc4 Bg4 5. Nc3 Nd4 6. Nxe5 Bxd1 7. Bxf7+ Ke7 8. Nd5#,1. e4 e5 2. f4 d6 3. Nf3 Nc6 4. Bc4 Bg4 5. Nc3 Nd4 6. Nxe5 Bxd1 7. Bxf7+ Ke7 8. Nd5#,"Tinta - Budilna, Nova Gorica 2000"
Opening (C00),Opening (C00),1. e4 e6 2. c4 c5 3. Nc3 Nc6 4. f4 Nge7 5. Nf3 g6 6. e5 d6 7. Ne4 dxe5 8. Nf6#,1. e4 e6 2. c4 c5 3. Nc3 Nc6 4. f4 Nge7 5. Nf3 g6 6. e5 d6 7. Ne4 dxe5 8. Nf6#,"Vujosevic - Bozilov, Belgrade 2003"
Opening (C50),Opening (C50),1. e4 e5 2. Nf3 Nc6 3. Bc4 d6 4. d4 Bg4 5. c3 f5 6. Qb3 Nge7 7. Bf7+ Kd7 8. Qe6#,1. e4 e5 2. Nf3 Nc6 3. Bc4 d6 4. d4 Bg4 5. c3 f5 6. Qb3 Nge7 7. Bf7+ Kd7 8. Qe6#,"Rogelj - Grobelsek, Slovakia 2004"
Opening (C44),Opening (C44),1. e4 e5 2. Nf3 Nc6 3. d4 exd4 4. Bc4 Bb4+ 5. c3 dxc3 6. O-O h6 7. a3 Be7 8. Qd5,1. e4 e5 2. Nf3 Nc6 3. d4 exd4 4. Bc4 Bb4+ 5. c3 dxc3 6. O-O h6 7. a3 Be7 8. Qd5,"Miller, N. - Hewitt, England 2005"
Opening (D02),Opening (D02),1. d4 d5 2. Nf3 Nf6 3. g3 g6 4. b3 Bg7 5. Bb2 c5 6. dxc5 Qa5+ 7. Nbd2 Qxc5 8. c4 Ng4,1. d4 d5 2. Nf3 Nf6 3. g3 g6 4. b3 Bg7 5. Bb2 c5 6. dxc5 Qa5+ 7. Nbd2 Qxc5 8. c4 Ng4,"Steckner - Csajka, Zurich 2002"
Opening (A40),Opening (A40),1. d4 e5 2. dxe5 Nc6 3. Nf3 Qe7 4. Bf4 Qb4+ 5. Qd2 Qxb2 6. Qc3 Bb4 7. Bd2 Bxc3 8. Bxc3 Qc1#,1. d4 e5 2. dxe5 Nc6 3. Nf3 Qe7 4. Bf4 Qb4+ 5. Qd2 Qxb2 6. Qc3 Bb4 7. Bd2 Bxc3 8. Bxc3 Qc1#,"Moreno - Francisco, Cullera 2004"
Opening (B46),Opening (B46),1. e4 c5 2. Nf3 Nc6 3. d4 cxd4 4. Nxd4 e6 5. Nc3 a6 6. Be2 Qc7 7. O-O Nf6 8. f4 Nxd4 9. Qxd4 Bc5,1. e4 c5 2. Nf3 Nc6 3. d4 cxd4 4. Nxd4 e6 5. Nc3 a6 6. Be2 Qc7 7. O-O Nf6 8. f4 Nxd4 9. Qxd4 Bc5,"Salomonsen - Pallesen, Copenhage 2003"
